"name","num_of_errors","num_coord","num_poss","num_tu","num_part_noun","num_noun_inf","pos_sim_nei","lemma_sim_nei","pos_sim_all","lemma_sim_all"
"AAl_1_2.txt",3,11,24,23,1,0,15.4705882352941,20.3529411764706,16.6681043917636,21.4029041604301
"AAl_10_2.txt",1,12,9,21,2,4,25.4,33.4,24.6718650793651,32.7491666666667
"AAl_11_2.txt",5,14,17,27,1,0,14.65,19.05,17.196766430379,21.7322162677794
"AAl_12_2.txt",0,3,20,22,0,5,16.8823529411765,22.0588235294118,18.0470368011458,23.5161314704135
"AAl_13_2.txt",0,8,16,15,2,3,17.6428571428571,24.2142857142857,22.2853148835292,28.7548334601906
"AAl_14_2.txt",0,7,21,18,2,3,17.8333333333333,25.5,18.9410443722944,27.6916847041847
"AAl_15_2.txt",0,9,16,19,2,5,20.8181818181818,26.3636363636364,22.1279515938607,28.0398170011806
"AAl_16_2.txt",0,7,12,22,0,5,21.6153846153846,26.4615384615385,23.1434204684205,28.2019335365489
"AAl_17_2.txt",5,9,33,27,0,7,21.0666666666667,27.2666666666667,23.3043857993858,29.7078366078366
"AAl_18_2.txt",0,5,21,24,2,2,16.2307692307692,22.6923076923077,18.8400776573854,25.6344672421595
"AAl_19_2.txt",5,12,12,19,2,0,21.2727272727273,27,21.733658008658,28.8914043027679
"AAl_2_2.txt",8,12,17,19,2,7,18.2666666666667,24.2,18.8248408998409,25.0464911014911
"AAl_20_2.txt",6,3,11,18,2,0,20.8333333333333,26.3333333333333,20.8450426887927,25.6425535113035
"AAl_21_2.txt",4,15,12,25,1,2,18.4545454545455,24.3636363636364,20.8467302899121,27.9039912108094
"AAl_22_2.txt",4,6,19,28,5,3,19.2777777777778,24.6111111111111,18.655041821831,23.7224005524251
"AAl_23_2.txt",6,7,14,20,0,2,18.0833333333333,23.5,17.5213654401154,22.973088023088
"AAl_24_2.txt",3,12,19,18,0,1,14.875,20.1875,17.1188597860473,22.108069534632
"AAl_25_2.txt",0,6,13,31,1,4,14.95,18.9,15.8099123174297,19.7158352835675
"AAl_26_2.txt",6,8,41,25,2,3,19,26,19.2879494637307,25.8033956494894
"AAl_27_2.txt",3,13,19,20,2,2,17.0625,22.9375,16.3978987158675,22.1143935925186
"AAl_28_2.txt",2,14,9,25,0,1,21.5714285714286,27.0714285714286,20.6168525918526,26.7234051662623
"AAl_29_2.txt",0,9,16,18,3,2,22.1818181818182,28.6363636363636,22.8960579824216,29.8299685163322
"AAl_3_2.txt",4,3,20,22,4,5,16.8,23,22.8947150997151,29.577617012617
"AAl_30_2.txt",2,6,14,26,4,1,12.2941176470588,16.0588235294118,12.4398323034136,16.1803172653951
"AAl_31_2.txt",3,9,15,22,0,1,17.2142857142857,22.5,17.0401283240569,22.3538701377987
"AAl_32_2.txt",3,8,17,22,1,0,17.2142857142857,21.5714285714286,19.2202527631099,24.1087085533514
"AAl_33_2.txt",5,15,17,23,0,1,19.1428571428571,24.3571428571429,21.2849911992769,26.6364260739261
"AAl_34_2.txt",0,9,17,15,3,3,18.2727272727273,24.7272727272727,19.4381149153876,25.9810770038043
"AAl_35_2.txt",1,9,19,19,1,2,19.1538461538462,24.1538461538462,18.7098977945132,23.9546588027357
"AAl_36_2.txt",3,13,12,19,1,1,14.8823529411765,19.7647058823529,17.4104541892172,21.9713418261861
"AAl_37_2.txt",0,6,15,18,1,3,21.8181818181818,29,24.2626361012725,32.1360619178801
"AAl_4_2.txt",2,8,20,22,2,2,19.8666666666667,24.2,17.5140916490917,22.0221646871647
"AAl_5_2.txt",4,5,16,20,1,4,17.4166666666667,22.5833333333333,17.3465398027898,22.7796536796537
"AAl_6_2.txt",3,9,19,26,0,3,11.5,15.4545454545455,11.1173418098851,15.1206255765765
"AAl_7_2.txt",1,9,13,20,0,8,17.375,21.9375,19.1566696324509,24.2229588987401
"AAl_8_2.txt",0,10,18,15,2,4,21.5454545454545,28.2727272727273,21.9510920897285,28.4494752722025
"AAl_9_2.txt",2,11,27,18,6,5,22.2631578947368,27.8421052631579,22.8597431934567,28.5484722201196
"ADe_1_2.txt",1,2,14,11,0,2,20,27.4444444444444,22.0956349206349,29.1422839506173
"ADe_10_2.txt",1,1,6,16,4,0,16,20.4,15.2861190661191,19.6068265068265
"ADe_11_2.txt",0,7,8,17,1,2,18.6363636363636,24.9090909090909,17.4364193886921,23.6463170667716
"ADe_12_2.txt",2,1,17,24,0,3,14.0555555555556,18.5555555555556,14.1108388978487,17.8318547601636
"ADe_13_2.txt",4,4,18,20,2,6,22.4615384615385,27.9230769230769,23.0038781731089,29.8626672472826
"ADe_14_2.txt",3,1,9,26,0,1,13.55,17.45,15.1463669438147,19.3233630013777
"ADe_15_2.txt",2,2,11,17,1,5,16.6923076923077,22.4615384615385,15.7219235892313,20.9477618535311
"ADe_16_2.txt",0,5,16,20,2,3,14.8125,19.9375,14.7441089292652,19.365919757326
"ADe_17_2.txt",1,4,17,16,1,2,17.8333333333333,23.0833333333333,20.5088113275613,26.3331228956229
"ADe_18_2.txt",1,4,15,20,0,2,12.1,15.35,11.6247024335743,15.6526736344151
"ADe_19_2.txt",0,2,7,12,1,2,19,25.4545454545455,19.1044962613144,25.2067427521973
"ADe_2_2.txt",2,6,11,22,4,5,23.6428571428571,29.5714285714286,25.1588958660387,31.6531155352584
"ADe_20_2.txt",2,1,9,1,4,2,38,47.6666666666667,34.6666666666667,42.9444444444444
"ADe_21_2.txt",2,2,15,15,3,5,17.3636363636364,21.6363636363636,25.8889151252788,31.4806375442739
"ADe_3_2.txt",0,7,21,18,1,3,24.5,32,25.8923411905555,33.0174844996274
"ADe_4_2.txt",0,5,5,21,2,6,12,16.2777777777778,13.6707081997523,17.693546536071
"ADe_5_2.txt",0,6,14,14,2,1,17.0909090909091,22.9090909090909,20.1392365210547,25.8813787222878
"ADe_6_2.txt",0,4,6,17,1,6,17.625,22.25,17.0219886883949,21.9643903839216
"ADe_7_2.txt",0,5,10,18,0,4,13.6666666666667,17.3333333333333,14.1500340436615,18.3126507660821
"ADe_8_2.txt",6,6,24,21,0,2,15.3571428571429,20.9285714285714,15.982215403644,21.5650405150405
"ADe_9_2.txt",0,5,14,17,0,2,14.7333333333333,18.4,15.0251178451178,19.3727254227254
"AEr_2_2.txt",5,9,4,26,1,7,10.4545454545455,13.6363636363636,12.4800013951945,15.7862852235952
"AEr_3_2.txt",3,4,15,22,2,1,24.8,30.1,26.0065079365079,32.3459126984127
"AEr_5_2.txt",3,10,8,21,1,3,23.3333333333333,29.6666666666667,22.6159611992945,29.3287477954145
"AEr_8_2.txt",5,8,10,23,1,7,12.6190476190476,17.952380952381,13.1791865525501,17.9401619325602
"AMe_1_2.txt",6,7,7,23,1,2,14,19,15.3898943648944,20.3120017020017
"AMe_10_2.txt",2,7,10,19,0,1,15.625,20.25,19.6334821428571,25.0873511904762
"AMe_11_2.txt",9,10,9,22,3,3,20.8181818181818,26.8181818181818,19.7422701036337,24.9101305260396
"AMe_12_2.txt",3,5,10,15,1,4,15,20.2,16.0359523809524,21.0134523809524
"AMe_13_2.txt",5,10,20,21,2,2,15.2666666666667,20.2,16.3837582787583,21.4082652532653
"AMe_14_2.txt",3,8,11,22,0,2,16,20.6428571428571,15.1996007960294,19.3518774875918
"AMe_15_2.txt",10,7,18,24,0,4,16.3076923076923,21.4615384615385,17.0562712928098,21.9430674026828
"AMe_16_2.txt",4,7,21,13,1,5,21.3,29.1,23.6980555555556,31.2400793650794
"AMe_17_2.txt",12,4,8,12,0,6,19.3333333333333,25.5555555555556,19.7154320987654,26.5949294532628
"AMe_18_2.txt",5,8,4,19,1,1,10.7727272727273,13.1818181818182,10.7774791953285,13.2426600493199
"AMe_19_2.txt",6,7,9,17,1,4,16.8181818181818,22.1818181818182,17.991082906992,22.7662567230749
"AMe_2_2.txt",0,10,7,27,0,7,16.9090909090909,22.4545454545455,19.1675816607635,25.5278400892037
"AMe_20_2.txt",0,10,12,20,0,3,19.3076923076923,23.6923076923077,18.1769698250467,22.5199659315044
"AMe_21_2.txt",3,8,20,20,2,5,12.85,17.3,13.5996501438878,18.4286331302856
"AMe_23_2.txt",3,8,2,15,2,3,17.8571428571429,22,20.0380952380952,25.9020408163265
"AMe_24_2.txt",1,4,8,13,1,3,14.5833333333333,18.4166666666667,14.5416245791246,18.6463985088985
"AMe_26_2.txt",3,7,16,30,0,2,15.3333333333333,19.9333333333333,18.1359296259296,23.299940984941
"AMe_27_2.txt",0,10,14,18,0,4,16.5333333333333,21.6666666666667,16.4421911421911,21.6259018759019
"AMe_28_2.txt",0,9,1,13,0,4,15.4166666666667,19.5,15.8972222222222,19.6761994949495
"AMe_29_2.txt",0,6,3,3,0,0,25,31,25,31
"AMe_3_2.txt",0,4,11,29,1,2,14.8823529411765,18.1176470588235,13.7149394338841,17.1642690402639
"AMe_30_2.txt",0,8,8,25,0,4,13.1111111111111,16.5,16.6830533890583,19.798003195062
"AMe_31_2.txt",0,2,9,19,0,4,11.75,16.5625,11.6603884830447,16.370440497003
"AMe_32_2.txt",0,15,7,23,2,5,17.8666666666667,23.6,17.4548375698376,23.1931289081289
"AMe_4_2.txt",0,7,7,19,1,3,16.8461538461538,20.8461538461538,16.1110124917817,20.8317808260116
"AMe_5_2.txt",0,2,12,23,0,1,11.5,14.6875,11.4240594474969,14.529498452936
"AMe_6_2.txt",1,8,10,18,1,1,18.8888888888889,26.1111111111111,18.9226631393298,25.5861992945326
"AMe_7_2.txt",11,16,13,28,1,0,12.7894736842105,16,12.566758331063,15.9606207382319
"AMe_8_2.txt",6,6,13,24,1,3,10,12.85,11.1607551340988,13.845456726581
"AMe_9_2.txt",5,8,20,17,0,1,13.6428571428571,19.3571428571429,16.0624629338915,21.7712630623345
"ASt_1_2.txt",0,4,16,17,1,3,20.0833333333333,26.5,19.6626022126022,25.515842953343
"ASt_10_2.txt",0,5,13,13,5,0,22,29.3333333333333,20.160758377425,27.218430335097
"ASt_11_2.txt",0,11,14,16,2,3,19.5714285714286,24.9285714285714,20.0157461586033,25.8918648811506
"ASt_12_2.txt",0,10,18,21,1,5,16.9285714285714,22.2857142857143,19.9609622520337,25.925296132439
"ASt_13_2.txt",0,6,13,15,2,2,24.7,32.5,24.941626984127,32.9987301587302
"ASt_14_2.txt",0,8,15,31,3,2,14.0555555555556,18.6666666666667,14.1893824222256,18.7388267460571
"ASt_15_2.txt",0,21,13,18,2,2,20.6363636363636,25.0909090909091,30.1782533123442,34.841292798111
"ASt_16_2.txt",1,6,16,17,1,3,16,21.1333333333333,17.7432745032745,23.3400464350464
"ASt_17_2.txt",0,9,16,20,1,2,21.1666666666667,26.25,22.5180765993266,28.3858615921116
"ASt_18_2.txt",6,14,22,21,1,6,25.6428571428571,32.4285714285714,25.0683265147551,32.920208164851
"ASt_19_2.txt",0,8,9,15,1,6,30.125,38.75,28.1147321428571,35.6477678571429
"ASt_2_2.txt",0,4,27,16,3,2,18.2727272727273,25.1818181818182,16.3926046176046,23.4844090253181
"ASt_20_2.txt",4,3,8,12,0,3,16.6153846153846,21.9230769230769,16.9489856297549,21.746861044938
"ASt_21_2.txt",2,7,15,19,5,1,19.9,26.8,24.2702380952381,32.2304365079365
"ASt_22_2.txt",1,6,17,23,1,4,19.4375,23.875,19.2920352217227,24.6612796925297
"ASt_23_2.txt",0,7,8,24,1,4,18.9090909090909,24.4545454545455,20.255575232848,26.4778466483012
"ASt_24_2.txt",3,5,18,25,1,4,14.8571428571429,20.5714285714286,14.9740866276581,20.6745996067425
"ASt_25_2.txt",6,11,12,17,3,0,17.6428571428571,21.9285714285714,17.1140492444064,21.9162876805734
"ASt_26_2.txt",3,5,6,10,1,0,12.8333333333333,17.6666666666667,14.3805555555556,17.9611111111111
"ASt_27_2.txt",4,6,16,19,0,2,22.7777777777778,30.1111111111111,23.5099206349206,31.7291446208113
"ASt_28_2.txt",1,3,14,13,3,2,16.7,22,17.3607142857143,23.0978571428571
"ASt_29_2.txt",0,1,5,4,1,0,11,19,12.5,19.75
"ASt_3_2.txt",0,7,15,25,1,1,13.5,17.2777777777778,14.7582333652187,18.6213070562335
"ASt_30_2.txt",10,4,9,20,0,2,34,42.1428571428571,31.2986394557823,39.0928571428571
"ASt_31_2.txt",0,6,9,28,1,2,15.875,19.75,15.0451818147131,18.9302305333555
"ASt_32_2.txt",0,11,11,24,1,2,16.8823529411765,21.7647058823529,17.3381787090265,22.4105853921165
"ASt_33_2.txt",3,8,12,20,2,3,16.2916666666667,20.4166666666667,15.5381457573681,20.4370060811244
"ASt_34_2.txt",2,8,16,24,2,1,17.75,24,18.8536976911977,25.8296536796537
"ASt_35_2.txt",1,3,14,24,2,3,19.0625,25.0625,18.5498404373404,24.4816120511433
"ASt_36_2.txt",6,3,7,15,0,2,20.5,26.375,19.9885416666667,24.969494047619
"ASt_37_2.txt",2,10,16,9,3,2,29.5,39.8333333333333,30.9166666666667,41.5055555555556
"ASt_38_2.txt",2,5,16,14,0,1,16.5,23.75,16.639408970659,23.7189965127465
"ASt_39_2.txt",0,7,6,19,1,2,19.25,25.875,18.8386904761905,25.9050595238095
"ASt_4_2.txt",0,16,15,30,0,4,13.7368421052632,18.1052631578947,14.5429562459972,19.5889935087996
"ASt_40_2.txt",1,1,12,5,2,2,22.5,28.8333333333333,21.8083333333333,28.1833333333333
"ASt_41_2.txt",3,7,5,21,0,3,34.5,40.25,33.4260416666667,40.2232142857143
"ASt_42_2.txt",6,4,6,15,1,2,15.2307692307692,19.7692307692308,15.6190328901867,19.594698677391
"ASt_43_2.txt",0,2,9,18,1,2,19.75,25.5,19.8933035714286,25.4635416666667
"ASt_5_2.txt",0,6,19,18,4,1,17.9166666666667,22.5,16.9333363395863,21.7685996873497
"ASt_6_2.txt",0,10,14,23,2,10,14.2380952380952,18.5238095238095,13.1599489746825,17.2406455145343
"ASt_7_2.txt",0,11,19,14,5,4,25.875,34.5,24.8102678571429,33.2953869047619
"ASt_8_2.txt",3,11,18,31,0,3,17.2666666666667,22.1333333333333,17.0192002442002,21.5408902208902
"ASt_9_2.txt",0,14,29,18,0,5,17.3333333333333,24.5833333333333,17.3234337421837,24.9405603655604
"DAr_1_2.txt",1,6,18,17,2,0,15.3846153846154,21.4615384615385,17.4079531579532,24.0089880205265
"DAr_10_2.txt",5,9,15,27,0,3,16.2222222222222,21.8333333333333,17.9388677362942,23.0364356232003
"DAr_11_2.txt",2,4,14,24,1,3,13.375,17.75,13.7678010357698,17.9099610458985
"DAr_12_2.txt",1,7,9,16,3,2,17.8571428571429,23.5,16.2937520812521,21.5973500705644
"DAr_13_2.txt",3,11,24,24,2,6,18.3157894736842,23.9473684210526,17.1564641765636,22.8691520431662
"DAr_14_2.txt",0,6,21,26,3,2,13.4,17.95,14.3276703484424,18.920659673359
"DAr_15_2.txt",1,4,16,22,0,2,15.0625,19.75,15.2533872377622,19.7033389353702
"DAr_16_2.txt",2,8,11,19,0,4,14,17.9230769230769,15.7913705952167,20.0324711613173
"DAr_17_2.txt",1,1,12,10,0,2,14.375,19.5,15.9596726190476,19.8261904761905
"DAr_18_2.txt",0,5,12,18,3,4,21.1818181818182,27.7272727272727,24.0799324412961,31.2190508985964
"DAr_19_2.txt",0,5,17,9,1,3,19,27,20.2186011904762,28.2196428571429
"DAr_2_2.txt",0,7,16,19,4,4,14.4666666666667,19.6666666666667,14.2033967883968,19.5245127095127
"DAr_20_2.txt",0,8,19,19,2,3,16.1666666666667,23.4166666666667,17.755750962001,24.3229076479076
"DAr_21_2.txt",0,10,11,11,2,4,20.2,26.7,21.6552380952381,28.7562301587302
"DAr_22_2.txt",0,4,18,14,1,5,17.4166666666667,24,16.4556006493507,23.0469215969216
"DAr_23_2.txt",0,6,16,17,0,6,14.6428571428571,18.9285714285714,13.3282826300683,17.6729038818325
"DAr_24_2.txt",3,16,13,12,1,2,25.1111111111111,33.1111111111111,25.9190476190476,34.7404320987654
"DAr_25_2.txt",1,7,31,19,1,4,17,23.0714285714286,16.1542243470815,21.6781234638377
"DAr_26_2.txt",5,8,14,22,3,5,14.1176470588235,18.2941176470588,14.0776334488272,18.4866310016397
"DAr_27_2.txt",1,8,11,19,3,2,15.8666666666667,20.8666666666667,15.1323182373182,20.1353231953232
"DAr_28_2.txt",2,6,18,24,1,2,15.4117647058824,20.3529411764706,14.7250024245266,19.4508668378911
"DAr_29_2.txt",3,2,14,5,2,5,21.4545454545455,28.3636363636364,23.8239374262102,31.2669880624426
"DAr_3_2.txt",0,3,19,9,2,3,23.5555555555556,30.7777777777778,22.3578924162257,30.1164462081129
"DAr_30_2.txt",4,8,14,25,1,11,15.3333333333333,20.2666666666667,14.6860393310393,19.2855624005624
"DAr_31_2.txt",0,4,12,24,2,4,28.0909090909091,32.7272727272727,26.1139479207661,31.7867440640168
"DAr_32_2.txt",1,15,15,22,2,5,22.3571428571429,28.0714285714286,21.3879329004329,26.7912143412143
"DAr_33_2.txt",0,9,15,20,1,2,18.7272727272727,25.3636363636364,21.4032664305392,28.927689229962
"DAr_34_2.txt",0,1,20,17,2,2,13,18,13.0894865055579,18.3200464218321
"DAr_35_2.txt",2,5,21,22,1,2,16.5333333333333,21.0666666666667,15.8488874088874,20.6652741702742
"DAr_36_2.txt",1,5,9,18,1,3,17.9090909090909,24.9090909090909,16.6966909353273,23.4174406401679
"DAr_37_2.txt",3,7,7,27,0,3,14.3333333333333,18.6666666666667,14.8165697728198,19.340710768897
"DAr_38_2.txt",8,5,24,19,1,4,14.7333333333333,19.6666666666667,15.218976023976,20.188369038369
"DAr_39_2.txt",3,9,11,29,0,6,11.6842105263158,15.4210526315789,12.2448932564909,16.2662492279325
"DAr_4_2.txt",3,6,22,24,0,4,15.2352941176471,20.1176470588235,16.4698450818693,21.5682442461422
"DAr_40_2.txt",0,0,16,20,0,3,13.8181818181818,19.6363636363636,13.9460350255805,19.4755116096025
"DAr_41_2.txt",0,7,20,26,1,5,16.3888888888889,20.6666666666667,17.1445514951642,22.2831932002275
"DAr_42_2.txt",2,7,22,21,5,1,19.25,24.375,21.2496623168498,26.8422705766456
"DAr_5_2.txt",4,6,15,19,1,4,12.25,17.25,12.7650438970751,17.7344833985459
"DAr_6_2.txt",3,4,15,17,2,1,13.5882352941176,17.9411764705882,13.8377336043426,18.3309872317225
"DAr_7_2.txt",2,12,13,21,1,5,16.2,21.2666666666667,16.1547461797462,21.2847635697636
"DAr_8_2.txt",2,2,13,19,2,0,18.3333333333333,24.0666666666667,17.7572087172087,22.292294002294
"DAr_9_2.txt",0,3,24,14,0,3,16.3333333333333,22.2666666666667,17.0266174566175,23.0459975209975
"DZu_1_2.txt",2,12,9,22,3,2,16.4615384615385,22.6153846153846,17.1317238317238,23.0416890801506
"DZu_10_2.txt",5,6,13,21,1,4,15.9333333333333,20.4,15.425880970881,20.1755501905502
"DZu_11_2.txt",0,5,15,23,4,2,17,22.0714285714286,17.9685859775146,24.0669871794872
"DZu_12_2.txt",0,7,9,17,1,2,18.4545454545455,23.1818181818182,17.130303030303,21.8658959727142
"DZu_13_2.txt",0,6,13,10,2,2,17.4444444444444,20.8888888888889,15.9156084656085,20.0973985890653
"DZu_14_2.txt",1,9,12,20,0,0,12.25,16.125,13.6979355713731,17.4913950632701
"DZu_15_2.txt",1,5,14,16,1,4,22.6,29.2,26.7247222222222,34.9989682539683
"DZu_16_2.txt",0,9,11,29,4,0,21.0625,26.25,21.1441604402542,26.6219839188589
"DZu_17_2.txt",0,2,19,21,4,1,10.1666666666667,14.7222222222222,10.7356561466856,14.7686404826111
"DZu_18_2.txt",1,4,16,21,2,2,15.8461538461538,21.6923076923077,16.2352830929754,21.8728487324641
"DZu_19_2.txt",2,10,15,24,3,1,22.7272727272727,29.5454545454545,23.2919946215401,30.1271054702873
"DZu_2_2.txt",5,6,19,15,3,1,17.9230769230769,22.3076923076923,19.4709589555743,23.8660785795401
"DZu_20_2.txt",1,8,10,18,7,3,21.4285714285714,27.8571428571429,22.6396966129109,29.2281353567068
"DZu_21_2.txt",5,8,7,26,0,4,18.4375,22.9375,16.5692227910978,21.3047962454212
"DZu_22_2.txt",3,5,16,16,0,5,23.125,31.625,24.7989583333333,33.1047619047619
"DZu_23_2.txt",0,6,13,25,1,4,12.6111111111111,16.1111111111111,13.6272631825328,16.7992373049971
"DZu_24_2.txt",2,9,9,23,4,0,19.0769230769231,23.3076923076923,20.4992891723661,25.3981149192688
"DZu_25_2.txt",1,5,14,18,2,2,16.0833333333333,22.1666666666667,18.9255351130351,25.5027326839827
"DZu_26_2.txt",2,15,20,22,1,4,21.1666666666667,28.6666666666667,21.2459806397306,28.4072931697932
"DZu_27_2.txt",0,12,29,22,4,1,18.6428571428571,24.3571428571429,18.8802798392084,24.9529113743399
"DZu_28_2.txt",0,7,12,16,2,1,18.2307692307692,22.6923076923077,19.6941389806774,24.8947857697858
"DZu_29_2.txt",0,9,12,18,0,4,20,25.375,20.0337145493395,25.3218379710567
"DZu_3_2.txt",1,6,6,10,4,3,22.2727272727273,28.1818181818182,21.5183818706546,27.7851370851371
"DZu_30_2.txt",5,6,9,34,2,2,13.0869565217391,17.0434782608696,13.8979527302977,17.9913212569715
"DZu_31_2.txt",0,6,12,19,1,5,17.5384615384615,22.7692307692308,20.3467923102538,25.993648018648
"DZu_32_2.txt",1,1,13,25,1,3,16.1875,21.1875,17.9158970369908,23.1593300796426
"DZu_33_2.txt",1,15,13,18,4,5,21.4375,26.875,23.3146208825896,29.7095330884393
"DZu_34_2.txt",0,2,7,12,0,0,14.6,21,14.4453968253968,20.6592063492064
"DZu_35_2.txt",3,11,13,6,3,0,34.5,40.75,27.9791666666667,35.1041666666667
"DZu_36_2.txt",0,15,23,32,2,2,17.8333333333333,23.1111111111111,21.66547254035,27.9452610524914
"DZu_37_2.txt",4,9,18,21,0,3,14.5714285714286,20.2857142857143,14.9701677290963,19.6025712382855
"DZu_38_2.txt",1,9,12,17,3,2,21,26.6923076923077,19.7661675930907,25.0021835002604
"DZu_39_2.txt",1,11,11,32,1,4,17.6875,22.9375,19.6973555957931,25.4737060682373
"DZu_4_2.txt",0,3,20,20,3,2,18.6428571428571,24.5,18.3968575075718,24.4550183943041
"DZu_40_2.txt",1,0,0,5,0,0,10.3333333333333,13,11.1111111111111,12.9444444444444
"DZu_41_2.txt",1,10,15,24,1,6,22.8,29.5,23.3362301587302,29.6798015873016
"DZu_5_2.txt",3,5,22,23,2,2,18,23.4166666666667,18.8108796296296,23.6393578643579
"DZu_6_2.txt",2,6,9,19,3,2,12.3333333333333,16.5,13.7582240109201,17.7104036849135
"DZu_7_2.txt",3,7,8,16,2,2,16.4545454545455,20.4545454545455,17.5061360356815,20.9817165158074
"DZu_8_2.txt",1,7,13,20,2,4,18.9230769230769,24.2307692307692,18.8091946515023,24.6056804306804
"DZu_9_2.txt",0,12,11,20,2,4,17.2666666666667,22.4,17.866864986865,22.3916446516447
"EEm_1_2.txt",3,8,15,23,6,2,15.1052631578947,19.4736842105263,14.9783334550138,19.1249766935037
"EEm_10_2.txt",5,10,29,22,0,2,18.6315789473684,23.7894736842105,18.4181085428702,23.9619323080012
"EEm_11_2.txt",3,12,11,21,0,4,17.2142857142857,21.1428571428571,18.7427342498771,22.9665310879597
"EEm_12_2.txt",1,9,12,19,0,7,20.0833333333333,27.1666666666667,20.4136904761905,27.6379298941799
"EEm_13_2.txt",1,5,6,20,0,1,14.5714285714286,18.6428571428571,16.1364078381936,20.7979649318935
"EEm_14_2.txt",2,11,17,16,5,4,21.7777777777778,30.8888888888889,23.4793650793651,32.4865961199295
"EEm_15_2.txt",2,11,16,15,1,5,22.8181818181818,29.6363636363636,22.0779909484455,29.2934835366654
"EEm_16_2.txt",3,15,22,23,5,2,16.8125,21.3125,15.8768863081363,20.8299282314907
"EEm_17_2.txt",4,4,17,16,2,3,16.6,21.5,19.0117063492063,24.958373015873
"EEm_18_2.txt",7,7,8,12,0,2,12.3076923076923,14.2307692307692,11.8797830374753,14.2994955898802
"EEm_19_2.txt",1,7,15,17,1,5,20.4545454545455,26.8181818181818,22.7192443919717,30.3305457169094
"EEm_2_2.txt",0,8,14,23,1,2,19.7857142857143,25.4285714285714,19.7652331795189,25.7865630401345
"EEm_20_2.txt",0,5,13,21,3,2,21.0833333333333,28.0833333333333,21.5478144540645,28.4088474025974
"EEm_21_2.txt",1,8,18,18,0,1,17.6666666666667,22,20.1127164502164,25.450012025012
"EEm_22_2.txt",1,3,10,9,1,2,12.3333333333333,17.3333333333333,11.6972222222222,16.45
"EEm_23_2.txt",0,13,10,17,1,2,20.6666666666667,26.0833333333333,25.6092412217412,31.818737974988
"EEm_24_2.txt",0,5,18,18,1,7,17.1666666666667,24.75,18.4510070947571,25.5255802068302
"EEm_25_2.txt",3,7,19,23,0,6,17.875,23.0625,18.4502956245144,23.5120575604951
"EEm_27_2.txt",1,13,19,22,0,4,23.8461538461538,29.3846153846154,21.6643273393273,27.0327962635655
"EEm_28_2.txt",2,4,3,7,1,1,12.5,16.3333333333333,15.025,19.9222222222222
"EEm_29_2.txt",1,10,21,4,0,4,26,33.625,33.7068452380952,41.9662202380952
"EEm_3_2.txt",3,11,11,20,1,6,13.9411764705882,17.1176470588235,12.8363044971176,16.272863108633
"EEm_30_2.txt",0,10,15,19,0,1,15.6923076923077,19.6923076923077,15.3942008845855,19.5528356259126
"EEm_31_2.txt",2,5,20,20,0,3,18.9090909090909,25.6363636363636,19.5341696182605,25.5401121605667
"EEm_32_2.txt",2,6,17,23,1,2,20.1666666666667,26,19.9973905723906,26.1325847763348
"EEm_33_2.txt",3,10,20,16,1,5,16.9230769230769,21.9230769230769,17.4310712791482,22.6335847912771
"EEm_34_2.txt",3,8,10,21,1,1,18.6428571428571,24.2857142857143,19.6779613243899,24.1857370803799
"EEm_35_2.txt",1,6,11,12,3,5,17.8461538461538,24,20.4948254736716,27.1674133558749
"EEm_36_2.txt",1,5,16,23,2,3,23,29.6923076923077,23.0847936251782,29.5728053997285
"EEm_37_2.txt",1,10,14,24,0,5,13.1176470588235,17.2941176470588,12.405757328984,16.6764491035685
"EEm_38_2.txt",4,14,16,24,1,3,17.9375,23.875,20.1073885316073,26.2060725732601
"EEm_39_2.txt",3,16,29,22,5,1,21.6428571428571,26.7142857142857,20.6570625802769,26.8175524871953
"EEm_4_2.txt",0,11,17,25,0,4,11.5294117647059,15.7058823529412,11.0383056389977,14.519275817416
"EEm_40_2.txt",2,10,21,26,2,3,21.75,28.4166666666667,24.7939754689755,31.8233946608947
"EEm_5_2.txt",2,12,21,22,1,5,21.3125,26.875,19.3991703608891,25.1938639485514
"EEm_6_2.txt",1,14,18,25,1,2,14.2777777777778,18.1666666666667,14.3584849609359,17.9360800147565
"EEm_7_2.txt",2,8,4,13,0,2,14.8571428571429,19.1428571428571,14.7843537414966,18.6666666666667
"EEm_8_2.txt",1,7,17,23,0,4,24.0833333333333,30.75,24.4035203222703,31.8892827080327
"EEm_9_2.txt",0,6,14,17,3,1,16.2142857142857,20.5,17.678608098251,22.5936926169069
"EPa_1_2.txt",1,5,17,12,0,8,21.875,29.25,22.5276785714286,28.7863095238095
"EPa_10_2.txt",5,4,15,14,4,0,17.5714285714286,23.5,17.88615570937,23.3795284080998
"EPa_11_2.txt",3,2,5,27,3,2,12.95,17.15,14.7864791464985,19.1593903325347
"EPa_12_2.txt",5,5,13,23,3,5,15.8125,20.1875,15.004434714591,18.7799232017982
"EPa_13_2.txt",4,8,14,28,2,3,16.9473684210526,21.1052631578947,16.3895641767933,20.9595022174519
"EPa_14_2.txt",3,11,22,14,0,10,22.8,30.1,29.5495238095238,38.3780952380952
"EPa_15_2.txt",0,7,9,26,1,1,17.6153846153846,22.8461538461538,18.5079819752897,23.7226696380543
"EPa_16_2.txt",3,5,26,21,1,2,16.7142857142857,20.8095238095238,17.054388233026,21.4711092667141
"EPa_17_2.txt",0,7,10,20,0,5,12.8235294117647,17.1764705882353,13.5833764755045,17.9849815265473
"EPa_18_2.txt",0,9,16,20,3,4,15.9444444444444,20.3888888888889,16.0946022024453,20.9153295098148
"EPa_19_2.txt",3,7,18,14,1,2,27.4444444444444,36.1111111111111,32.7189594356261,42.0119929453263
"EPa_2_2.txt",6,6,21,24,0,2,12.4761904761905,16.7142857142857,12.9631526088127,17.4760377964215
"EPa_20_2.txt",1,5,11,18,1,8,18.1333333333333,22.9333333333333,19.4577692677693,24.5592673992674
"EPa_21_2.txt",2,5,9,31,2,4,17.9333333333333,22.7333333333333,20.943137048137,26.5756791356791
"EPa_22_2.txt",2,7,14,14,0,3,21.9090909090909,28.2727272727273,23.2105962219599,30.1899088285452
"EPa_23_2.txt",5,5,17,15,1,2,19.0714285714286,23.9285714285714,19.0676414854986,24.4102821781393
"EPa_24_2.txt",4,6,11,16,0,5,14.25,18.8333333333333,13.9437169312169,18.7032798220298
"EPa_25_2.txt",3,9,7,14,2,2,18.2222222222222,23,20.4619929453263,25.526455026455
"EPa_26_2.txt",0,6,12,21,3,7,15.7142857142857,20.7142857142857,14.4185635792779,19.1029066171923
"EPa_27_2.txt",2,10,11,25,0,5,17.1,21.9,19.3170750944532,24.8392269190218
"EPa_28_2.txt",3,12,15,27,0,5,23.4545454545455,29.3636363636364,24.8594811753903,30.6830512921422
"EPa_29_2.txt",3,8,21,28,2,3,13.1578947368421,18.8947368421053,13.5220582571792,19.1594986588285
"EPa_3_2.txt",3,15,12,34,1,6,16.7826086956522,21.6521739130435,17.6496287868977,21.996154592561
"EPa_30_2.txt",3,8,11,20,6,2,19,25.1666666666667,19.2362644300144,25.1136002886003
"EPa_31_2.txt",5,11,16,15,4,3,15.3571428571429,20.9285714285714,17.5031644942359,23.0096425399997
"EPa_32_2.txt",1,3,16,14,2,3,18.2142857142857,24.4285714285714,17.7706965653394,23.427208109351
"EPa_33_2.txt",0,2,5,12,0,2,10.4444444444444,14.2222222222222,11.704188712522,16.2035714285714
"EPa_34_2.txt",0,8,8,22,1,4,15.9333333333333,20.2,17.1430885780886,21.6917943167943
"EPa_35_2.txt",0,5,17,21,3,2,16.2666666666667,21.6666666666667,17.1336776186776,22.2544085544086
"EPa_36_2.txt",0,4,12,24,5,0,10.3809523809524,14.2380952380952,10.2822494214633,13.8242645888765
"EPa_37_2.txt",0,12,15,25,2,0,15.15,19.3,14.9317815693938,19.2327631954818
"EPa_38_2.txt",3,7,6,23,1,1,10.3888888888889,13.4444444444444,12.411532884327,15.8657437243222
"EPa_39_2.txt",3,6,22,19,1,2,13.2666666666667,17.5333333333333,17.4476497576498,21.8420385170385
"EPa_4_2.txt",0,7,13,21,0,7,15.1333333333333,19.8666666666667,16.4479437229437,21.4126451326451
"EPa_40_2.txt",2,8,15,18,1,5,11.9375,16.875,14.5436486256799,19.8082298777611
"EPa_41_2.txt",1,14,8,24,1,1,14.75,19.3,14.0615054738004,18.6521390232574
"EPa_42_2.txt",3,3,10,16,1,4,13,16.6666666666667,13.1002976190476,16.4813341750842
"EPa_43_2.txt",0,1,6,5,0,1,18,23.5,19.25,23.75
"EPa_44_2.txt",4,2,10,5,3,1,12.2857142857143,15.8571428571429,12.1605442176871,15.8238095238095
"EPa_45_2.txt",2,7,17,19,2,4,16.6428571428571,20.3571428571429,16.5124686821115,20.9716561216561
"EPa_46_2.txt",4,9,16,36,0,2,11.85,16.9,12.714040328007,17.1646092656484
"EPa_47_2.txt",1,3,18,20,2,2,14.1764705882353,19.2352941176471,14.8406854727356,19.9106581663243
"EPa_48_2.txt",0,2,12,25,4,3,12.2,15.85,13.2335507013197,17.4027202196668
"EPa_49_2.txt",3,6,22,18,1,4,18.1333333333333,23.2666666666667,18.527553002553,24.4829994079994
"EPa_5_2.txt",5,9,9,31,0,3,14.2380952380952,18.8095238095238,14.7909759677396,20.0928307676483
"EPa_50_2.txt",1,10,18,25,2,5,15.1,20.45,15.9264266562041,20.4416663805751
"EPa_51_2.txt",0,13,19,22,3,5,14.6666666666667,20.6,13.5594555444555,19.2903006253006
"EPa_52_2.txt",4,6,20,22,0,6,16.3181818181818,20.1363636363636,17.0178658158147,20.9479951266874
"EPa_53_2.txt",4,1,13,20,3,3,9.94444444444444,13.0555555555556,11.8893612333563,14.8166951875285
"EPa_54_2.txt",2,4,17,20,0,2,11.6111111111111,16.1111111111111,12.19457041234,16.702951369618
"EPa_55_2.txt",2,10,12,17,1,0,15.8,20.7333333333333,17.1779287379287,22.2134805934806
"EPa_56_2.txt",1,4,12,26,1,8,16.0625,21,14.9839551941114,20.2800200667388
"EPa_57_2.txt",0,10,11,26,0,4,14.7894736842105,18.8947368421053,16.7631076548422,21.0942588335207
"EPa_58_2.txt",1,7,5,21,0,3,24.6363636363636,30.7272727272727,24.2357536402991,30.8800209891119
"EPa_59_2.txt",4,11,18,36,2,1,19.65,25.05,21.883265441344,26.995693292131
"EPa_6_2.txt",0,5,8,25,0,3,10.4210526315789,13.3157894736842,9.46347285890833,13.3518967229881
"EPa_60_2.txt",3,5,12,13,1,2,22.9090909090909,29,21.6507411780139,27.9622851895579
"EPa_61_2.txt",3,9,11,16,2,2,17.5333333333333,23.1333333333333,24.8403613053613,30.9520535020535
"EPa_62_2.txt",2,5,16,16,2,8,19.8666666666667,24.8,20.3737673437673,25.9523150923151
"EPa_63_2.txt",3,8,15,25,2,2,15.1666666666667,20.2777777777778,16.3301793295666,21.898900713484
"EPa_64_2.txt",2,6,17,14,10,3,17.5,22.2857142857143,16.8240442097585,22.1770100930815
"EPa_65_2.txt",0,2,22,12,0,4,17.3333333333333,24.25,17.0976280663781,23.0907287157287
"EPa_66_2.txt",5,6,15,23,0,5,14.8888888888889,19.5,15.0393848979633,19.6229105362684
"EPa_67_2.txt",2,6,21,24,0,5,14.6315789473684,18.6315789473684,14.9622405869799,19.3415779434477
"EPa_68_2.txt",0,8,14,25,1,7,17.3809523809524,21.5238095238095,19.4666781614703,24.2870498565434
"EPa_69_2.txt",0,9,14,17,3,6,16.0833333333333,21.9166666666667,16.9809764309764,22.6488035113035
"EPa_7_2.txt",2,8,4,31,0,2,11.75,15.55,13.6118209606871,17.8619113383606
"EPa_70_2.txt",3,6,6,29,1,2,9,11.3478260869565,8.80060416209373,11.4585736572835
"EPa_71_2.txt",2,4,14,22,2,5,16.1538461538462,21.0769230769231,16.2194523425293,21.0035163554394
"EPa_72_2.txt",2,4,18,19,0,2,14.25,18.5625,13.7686666631979,18.2387415535853
"EPa_73_2.txt",0,9,15,22,0,2,18.9090909090909,26.6363636363636,21.9900400104946,29.6047914207005
"EPa_74_2.txt",2,14,18,27,3,6,16,20.8,17.9876827676537,23.4294291297368
"EPa_75_2.txt",1,7,20,26,1,1,16.5,21.4285714285714,21.0710279799566,26.2848726670155
"EPa_76_2.txt",0,6,12,19,0,4,16.5333333333333,20.8,16.1462951862952,20.4078512228512
"EPa_77_2.txt",1,5,13,18,1,4,19.5,25.0833333333333,22.3414081289081,27.4436177248677
"EPa_78_2.txt",5,6,21,18,0,2,14.1875,18.875,17.3381582826895,22.0685819388944
"EPa_79_2.txt",1,3,11,26,2,4,15.1578947368421,18.2105263157895,14.195716842904,17.4943496643309
"EPa_8_2.txt",1,6,17,25,2,2,11.6818181818182,15.9545454545455,12.3601909374127,16.5097412782045
"EPa_80_2.txt",0,3,14,16,9,8,16,21.8666666666667,17.1799794649795,23.019373959374
"EPa_81_2.txt",0,11,18,21,2,3,16,21.6,16.8665715765716,22.0510245310245
"EPa_82_2.txt",7,2,16,22,2,5,14.2,17.55,13.9905352855779,17.7321661486948
"EPa_83_2.txt",2,5,10,24,0,5,14.4666666666667,19.8666666666667,15.3920917970918,20.4283586783587
"EPa_84_2.txt",0,3,14,12,2,5,21.1111111111111,28.4444444444444,22.4527777777778,29.5379188712522
"EPa_85_2.txt",2,4,23,23,3,4,18.8,25.4666666666667,18.22318995819,24.7309190809191
"EPa_9_2.txt",2,5,18,18,1,5,17,22.5384615384615,16.6265230496,21.9116323847093
"ESha_1_2.txt",10,9,8,14,8,3,14.4375,18.4375,15.1415470813908,19.3717471764347
"ESha_10_2.txt",0,4,5,11,2,2,11.375,16,12.259375,15.7199404761905
"ESha_11_2.txt",1,8,4,19,0,1,9.875,12.25,11.0697672986735,14.2412311646687
"ESha_12_2.txt",0,16,26,21,5,2,25.4615384615385,33.3846153846154,23.8142511334819,31.5370153350923
"ESha_13_2.txt",0,6,10,29,0,4,12.9545454545455,15.2727272727273,12.8783044796308,15.3099680794235
"ESha_14_2.txt",1,16,16,22,1,3,15.2666666666667,21,16.1664307914308,21.8029390979391
"ESha_15_2.txt",1,5,13,17,2,3,24.1818181818182,29.6363636363636,22.2492817788272,28.7338219860947
"ESha_16_2.txt",0,4,3,13,0,1,19.375,24.5,24.6392857142857,30.4827380952381
"ESha_17_2.txt",0,7,13,14,0,2,12.4166666666667,18.6666666666667,13.8307960557961,20.3230038480038
"ESha_18_2.txt",0,2,4,6,0,2,14.75,18.5,13.6458333333333,17.4791666666667
"ESha_19_2.txt",1,2,2,9,0,0,9,14.3333333333333,10.4722222222222,14.6222222222222
"ESha_2_2.txt",0,7,7,14,1,1,16,21,15.3724702380952,19.6556547619048
"ESha_20_2.txt",0,11,17,28,1,2,17.2,21.6,15.9290881340881,20.1612633662634
"ESha_21_2.txt",0,9,20,25,1,7,22.0909090909091,28.1818181818182,27.0073888232979,33.61082906992
"ESha_22_2.txt",0,7,16,16,1,3,19.5,25.8,19.7840476190476,26.433253968254
"ESha_23_2.txt",1,6,16,28,1,2,14.3888888888889,18.2777777777778,14.9624230435505,18.6777192306604
"ESha_24_2.txt",1,8,11,29,1,5,14.0588235294118,18.2352941176471,13.4273505521775,17.5292039467645
"ESha_25_2.txt",0,7,13,21,2,2,15.5625,19.375,16.3517010767011,20.2847251706627
"ESha_26_2.txt",2,3,18,19,2,3,16.9230769230769,21.6923076923077,19.5520552097475,25.0242078434386
"ESha_27_2.txt",0,7,9,13,1,2,18.375,25,22.2363095238095,28.9909226190476
"ESha_28_2.txt",0,7,17,28,0,0,11.8947368421053,14.8947368421053,11.5853452860847,15.0054313534943
"ESha_29_2.txt",0,10,16,26,0,3,12.5,15.9444444444444,11.5663539664765,15.3331576239664
"ESha_3_2.txt",0,12,8,20,1,4,13,17.8823529411765,14.9393904106274,19.1979792170536
"ESha_30_2.txt",0,9,8,20,0,3,18,23.6666666666667,18.679329004329,24.2417658730159
"ESha_31_2.txt",0,7,11,23,4,3,14.4375,18.375,13.9327738233988,18.1234275273338
"ESha_32_2.txt",3,2,9,12,0,1,12.8,18.1,12.7645634920635,18.0976587301587
"ESha_33_2.txt",1,6,8,24,0,3,17.1428571428571,22.3571428571429,19.4245324120324,25.5882167435739
"ESha_34_2.txt",1,8,9,18,0,4,22.0833333333333,28.6666666666667,22.1679954304954,28.3383237133237
"ESha_35_2.txt",0,6,34,19,4,2,17.8666666666667,25.4666666666667,18.638781958782,27.0671848521849
"ESha_36_2.txt",1,3,23,18,3,7,17.8461538461538,24.4615384615385,17.5306565229642,23.2603972950127
"ESha_37_2.txt",0,5,12,21,0,4,16.2222222222222,20.5555555555556,17.2872015602408,22.0239865073198
"ESha_38_2.txt",1,9,17,17,0,3,18,23.6153846153846,15.4985204965974,21.5342561284869
"ESha_39_2.txt",0,5,11,17,3,1,18.8571428571429,23.9285714285714,20.4861257789829,26.4779183118469
"ESha_4_2.txt",0,5,18,19,0,1,10,14.05,10.8241963630625,14.7454495111442
"ESha_40_2.txt",5,5,11,18,0,4,17.6363636363636,23.5454545454545,17.6924209628755,23.2121343303161
"ESha_41_2.txt",7,4,20,29,0,2,13.0952380952381,16.2380952380952,12.2711532899669,15.9086494392056
"ESha_42_2.txt",2,6,16,20,1,4,15.0666666666667,20.1333333333333,16.913369038369,22.6754538054538
"ESha_43_2.txt",0,7,9,19,0,4,15.6,21.4,17.5650865800866,23.8331031931032
"ESha_44_2.txt",4,7,23,17,2,4,16.5,21.875,18.5546378968254,23.7598136238761
"ESha_45_2.txt",1,9,12,15,0,4,24.9230769230769,30.6923076923077,30.3348595848596,36.9652437306283
"ESha_46_2.txt",0,3,27,21,5,2,16.8461538461538,23,17.395336287644,23.7030629626783
"ESha_47_2.txt",0,3,17,18,0,3,18.0666666666667,23.3333333333333,17.4565467865468,23.3532380582381
"ESha_48_2.txt",1,5,18,22,1,10,17.7333333333333,23.4,19.1913586413586,25.1716346616347
"ESha_49_2.txt",0,6,19,25,2,2,15.4666666666667,20.2,15.6502295852296,20.1678379028379
"ESha_5_2.txt",0,8,5,32,1,0,10.125,12.2916666666667,10.99165684124,12.9950383480571
"ESha_50_2.txt",2,5,23,14,6,1,23.3,30.8,20.6207142857143,28.3642063492063
"ESha_51_2.txt",1,3,21,20,3,3,21.8333333333333,28.9166666666667,21.4633808321308,28.6710287397787
"ESha_52_2.txt",1,3,16,22,2,3,15.1428571428571,20.6428571428571,16.1782937300794,21.768727899085
"ESha_53_2.txt",0,10,12,23,0,3,17.5333333333333,21.5333333333333,15.4497804047804,19.9220825470825
"ESha_54_2.txt",0,8,24,14,4,3,21,28.4444444444444,22.4529541446208,30.3157407407407
"ESha_55_2.txt",0,10,11,25,1,1,17.0714285714286,21.9285714285714,16.0454579151008,21.0477298495156
"ESha_56_2.txt",0,14,22,31,0,4,15.7777777777778,21.2222222222222,17.2050374507482,23.1373523535288
"ESha_57_2.txt",0,4,12,17,2,3,21.8,27,21.2562301587302,26.9532142857143
"ESha_58_2.txt",0,8,7,14,1,3,18.6666666666667,24.6666666666667,20.4823502886003,26.7772035834536
"ESha_59_2.txt",1,8,25,14,2,6,24,34.7,24.8081349206349,35.6475793650794
"ESha_6_2.txt",0,4,9,17,1,5,15.2142857142857,21.7142857142857,16.1284649873936,22.3609196359196
"ESha_60_2.txt",1,4,21,18,1,1,15.2727272727273,20.8181818181818,15.6820510297783,21.9726616817526
"ESha_61_2.txt",0,5,17,18,1,6,18.6923076923077,23.6923076923077,21.7973078203847,28.1637260175722
"ESha_62_2.txt",0,15,20,25,3,1,18.2,23.8666666666667,17.3370843970844,23.1471395271395
"ESha_63_2.txt",2,6,16,23,1,4,12.3333333333333,16.3888888888889,13.1135567319391,17.4197998397753
"ESha_64_2.txt",0,5,10,11,0,2,20.0909090909091,24.9090909090909,16.500049193231,21.7362750885478
"ESha_65_2.txt",0,4,12,20,1,4,17.0909090909091,24,18.6125901875902,24.4930473566837
"ESha_66_2.txt",0,1,22,15,0,3,21.1,27.6,24.5163095238095,31.7054761904762
"ESha_67_2.txt",1,4,15,21,0,6,15.25,20.6875,15.9426193598069,20.8291441197691
"ESha_68_2.txt",0,8,18,16,0,2,15.5714285714286,20.7142857142857,14.4930763680764,19.7287307930165
"ESha_69_2.txt",0,2,15,15,0,6,13.2352941176471,17.4705882352941,14.0729484663741,18.7079942356759
"ESha_7_2.txt",0,8,14,28,0,3,18.9166666666667,24.6666666666667,17.4409872534873,22.4666005291005
"ESha_70_2.txt",1,4,20,21,0,4,12.8888888888889,17.5,13.880372940422,18.2740300186379
"ESha_71_2.txt",0,7,25,16,1,6,14.9285714285714,19.5714285714286,14.4024049363335,18.9590457161886
"ESha_8_2.txt",0,1,6,14,0,2,7.45454545454545,10.5454545454545,7.28704906204906,10.4056145874328
"ESha_9_2.txt",0,7,5,22,1,3,13.9,18.6,14.7429365079365,18.7562301587302
"EZa_1_2.txt",0,2,11,24,0,1,12.6086956521739,16.304347826087,11.8918284740939,15.7123767329661
"EZa_10_2.txt",2,14,18,25,2,4,18.3125,24.6875,18.4097922910423,24.3319466991342
"EZa_11_2.txt",0,13,24,41,2,5,13.8529411764706,18.4705882352941,14.5357910772571,18.6160205071361
"EZa_12_2.txt",0,10,21,38,1,0,12.695652173913,16.1739130434783,13.4258456629438,17.2131493520379
"EZa_13_2.txt",0,10,12,26,0,2,15.375,18.6875,16.042532727689,19.9728140782828
"EZa_14_2.txt",0,7,8,15,1,2,16.7272727272727,21.0909090909091,16.7525252525253,21.0741046831956
"EZa_15_2.txt",0,9,9,27,2,1,13,16.25,13.9460720284617,17.9546016285916
"EZa_16_2.txt",0,5,9,16,2,2,18.3636363636364,22.2727272727273,22.2043322838777,27.2103928899383
"EZa_17_2.txt",0,10,9,23,0,5,13.9545454545455,17.0909090909091,13.8695128260425,17.170910337122
"EZa_18_2.txt",0,6,6,12,2,2,22.4444444444444,27.2222222222222,22.2324955908289,27.7709435626102
"EZa_19_2.txt",0,3,17,19,1,4,20.4615384615385,25.4615384615385,19.9664493626032,24.7638637004022
"EZa_2_2.txt",0,5,13,20,1,2,17.3333333333333,21.6666666666667,17.7417726717727,22.5681762681763
"EZa_20_2.txt",0,7,9,16,1,2,12.2142857142857,15.5714285714286,15.9217102342102,19.7110895057324
"EZa_21_2.txt",0,7,7,35,1,5,11.8888888888889,15.6296296296296,11.7855396290925,15.4153979749296
"EZa_22_2.txt",0,6,9,15,0,6,28.8888888888889,35.7777777777778,27.0134479717813,34.5521164021164
"EZa_23_2.txt",0,5,6,25,0,2,15.1111111111111,18.9444444444444,14.797017928513,18.5560710168553
"EZa_24_2.txt",0,16,11,15,0,4,15.3076923076923,19.6923076923077,16.102689831536,21.5833405910329
"EZa_25_2.txt",0,6,8,29,0,2,12.6842105263158,15.2105263157895,14.3066409806857,17.5574502894223
"EZa_26_2.txt",0,8,17,20,2,1,13.5882352941176,18,13.8354084352787,18.474169232344
"EZa_27_2.txt",0,6,10,30,2,1,13.5,16.5555555555556,13.9735677584942,16.9189951796569
"EZa_28_2.txt",0,5,9,25,2,1,11.0588235294118,14.4705882352941,11.0008103680249,13.9530799266093
"EZa_29_2.txt",0,2,15,16,4,3,17.8,24,16.4330952380952,22.7001984126984
"EZa_3_2.txt",2,0,6,28,0,2,19,23.2666666666667,19.1682149332149,23.2327559477559
"EZa_30_2.txt",0,12,9,22,0,0,14.2222222222222,17.5555555555556,13.6633205075607,16.9443846957327
"EZa_31_2.txt",0,6,7,27,0,6,13.1818181818182,16.6818181818182,13.2765587640852,16.95533062061
"EZa_32_2.txt",0,9,5,17,0,6,23.4,29.4,22.5161507936508,28.2211111111111
"EZa_33_2.txt",0,11,11,14,1,5,19,24,19.1446920600767,24.287648035725
"EZa_34_2.txt",0,19,13,17,2,2,21.9230769230769,27.6153846153846,23.6027325238864,29.5493615359
"EZa_35_2.txt",0,2,2,8,0,0,6.85714285714286,8.85714285714286,7.2530612244898,9.40238095238095
"EZa_36_2.txt",0,5,8,26,1,2,16.5882352941176,20.3529411764706,17.8266814548389,22.0107611678978
"EZa_37_2.txt",0,11,12,25,2,1,21.2857142857143,26.2142857142857,21.2853446157018,25.8508047508048
"EZa_38_2.txt",0,7,7,25,2,4,16.9411764705882,21.3529411764706,17.0343090780807,21.9139228754713
"EZa_39_2.txt",0,4,13,17,0,4,21.9285714285714,28.3571428571429,22.4413963021106,28.9449132216989
"EZa_4_2.txt",0,19,14,40,2,5,15,18.4615384615385,15.5551881554618,18.8936960407754
"EZa_40_2.txt",1,4,7,33,0,1,16.8,20.55,16.5575821731588,20.6659943290284
"EZa_41_2.txt",1,10,27,21,2,0,17.7857142857143,23.9285714285714,17.1901883830455,23.2215011179297
"EZa_42_2.txt",0,7,20,17,1,2,14.7272727272727,20.0909090909091,14.2012691853601,19.8901810310901
"EZa_43_2.txt",0,7,7,11,0,2,19.8333333333333,25.8333333333333,20.5638888888889,26.9027777777778
"EZa_44_2.txt",0,7,6,25,3,2,15.2352941176471,19.1764705882353,15.918338533823,20.0089586835694
"EZa_45_2.txt",0,7,22,31,1,1,13.2352941176471,18.6470588235294,14.063448935724,19.7541365545258
"EZa_46_2.txt",0,7,22,21,2,2,16,20.5333333333333,18.6499393199393,24.8279070929071
"EZa_47_2.txt",0,10,14,19,2,1,16.4615384615385,21,18.7174157039542,23.738093743863
"EZa_48_2.txt",0,10,17,23,2,6,19.1666666666667,26.8333333333333,22.1008357383357,28.9257425444925
"EZa_49_2.txt",0,8,12,21,1,4,16.3333333333333,21.2,15.4474092574093,20.9891153291153
"EZa_5_2.txt",0,13,7,25,0,3,13.2352941176471,16.3529411764706,16.4290018756714,20.2955950719792
"EZa_50_2.txt",0,5,8,17,1,4,16.0909090909091,20.7272727272727,17.0885379771743,21.6155680178407
"EZa_51_2.txt",0,6,3,23,0,8,26.2727272727273,32.5454545454545,25.6984258166076,31.9252361275089
"EZa_52_2.txt",0,10,19,16,2,2,21.6153846153846,26.6923076923077,19.4509960125345,24.0176270310886
"EZa_53_2.txt",0,5,5,15,2,7,16.0909090909091,22.9090909090909,15.9590712317985,22.554538895448
"EZa_55_2.txt",0,0,2,7,0,1,7.8,11.4,8,11.15
"EZa_56_2.txt",1,10,20,16,1,4,20,26.5454545454545,24.6450839564476,32.3647710874984
"EZa_57_2.txt",0,8,12,28,1,6,22.5384615384615,27.7692307692308,21.1812379927765,26.0256023890639
"EZa_58_2.txt",0,9,14,22,5,1,15.125,19.6875,17.4558549089799,22.1088489635365
"EZa_59_2.txt",0,5,23,25,2,0,11.875,14.75,11.1739309542118,14.0187868268328
"EZa_6_2.txt",0,10,10,26,5,2,19.125,24.3125,18.6606463848651,23.9504878801754
"EZa_60_2.txt",0,8,20,19,1,0,13.5625,17.8125,14.629022019647,19.3259324876512
"EZa_61_2.txt",0,12,10,18,3,4,20.3333333333333,25.9166666666667,24.4803751803752,30.9655393217893
"EZa_62_2.txt",0,9,10,21,0,3,17.7142857142857,22.6428571428571,16.994203415632,22.7156189049046
"EZa_63_2.txt",0,3,9,22,3,2,13.5714285714286,17.6428571428571,13.617001847359,18.2022582576154
"EZa_64_2.txt",0,4,11,15,2,2,15.5,20.6666666666667,16.55863997114,21.8830357142857
"EZa_65_2.txt",0,9,18,28,0,3,13.0952380952381,16.4285714285714,12.7710678384551,16.1729068652775
"EZa_66_2.txt",0,10,8,15,4,1,23.1666666666667,30.5,23.3942881192881,29.5151575276575
"EZa_67_2.txt",0,9,21,17,2,4,18.6666666666667,24.1666666666667,20.0447450697451,25.6068813131313
"EZa_68_2.txt",0,10,18,16,2,1,15.5833333333333,22.1666666666667,14.8290464165464,21.0188462000962
"EZa_69_2.txt",2,4,27,19,3,6,16.4736842105263,21.4210526315789,15.6391957801401,20.978320364751
"EZa_7_2.txt",0,6,11,22,2,0,18.125,22,17.7505966255966,22.0008864399489
"EZa_70_2.txt",0,23,12,30,2,2,17.0952380952381,21.6190476190476,16.3099070012825,20.3337829289897
"EZa_71_2.txt",0,2,5,16,1,4,16.9,22.8,18.5180952380952,24.2515873015873
"EZa_72_2.txt",0,6,30,15,5,1,21.5,27.5833333333333,26.501908970659,32.9677068302068
"EZa_73_2.txt",0,8,9,22,0,2,13,17.4705882352941,12.0145026254023,16.17454625824
"EZa_74_2.txt",0,11,7,24,1,5,16.4,22.5333333333333,17.2475885225885,22.9401816701817
"EZa_75_2.txt",0,7,10,27,2,1,10.125,13.875,10.416931590351,13.5857189524694
"EZa_76_2.txt",4,10,7,18,2,1,17.8333333333333,22.9166666666667,19.1580627705628,24.8491372053872
"EZa_77_2.txt",0,6,14,26,1,1,10.9473684210526,15,12.0499146735256,15.9526203595619
"EZa_78_2.txt",0,8,15,23,3,1,16,21.4705882352941,16.180495230452,21.5348099180712
"EZa_79_2.txt",0,4,19,15,1,2,15.6153846153846,20.5384615384615,15.7135612250997,20.6948263275186
"EZa_8_2.txt",0,4,14,19,2,0,14.1666666666667,18.4166666666667,15.4026665464165,19.083673039923
"EZa_80_2.txt",0,3,4,6,0,4,20,26.25,17.1041666666667,21.6458333333333
"EZa_81_2.txt",0,1,12,9,0,2,16.6666666666667,23.3333333333333,20.0111111111111,26.4138888888889
"EZa_82_2.txt",0,7,8,21,0,4,20.2142857142857,25,22.7086490890062,28.4749532213818
"EZa_83_2.txt",0,3,17,15,1,4,18.3636363636364,25.1818181818182,17.2690279417552,23.2682474091565
"EZa_84_2.txt",0,9,23,14,4,1,20.5454545454545,27.1818181818182,20.0705070182343,27.6309556605011
"EZa_85_2.txt",0,9,9,10,0,3,17.125,21.125,15.8391369047619,19.5311011904762
"EZa_86_2.txt",0,5,8,15,2,2,15.1111111111111,21.2222222222222,17.1797619047619,23.3451940035273
"EZa_87_2.txt",0,7,9,15,1,5,20.25,24.8333333333333,21.117294973545,26.5041997354497
"EZa_89_2.txt",0,5,8,18,1,2,13,16.9411764705882,12.9506692125637,17.4135773828248
"EZa_9_2.txt",6,9,13,16,0,2,15.9333333333333,21.2666666666667,15.2869978169978,19.7799543049543
"EZa_90_2.txt",0,7,24,26,3,1,12.3,16.8,13.6801568815172,18.1805489730857
"EZa_91_2.txt",0,2,19,22,1,3,11.625,17.75,11.9673890345765,17.9251870525308
"EZa_92_2.txt",0,5,14,13,2,4,15.1666666666667,22,15.2520893458393,21.7161135161135
"EZa_93_2.txt",0,9,11,15,2,6,15.5714285714286,19.5714285714286,16.3838841713842,20.7917164185021
"EZa_94_2.txt",0,5,6,14,5,2,12,15.8,13.0534506234506,17.4400401450401
"EZa_95_2.txt",0,5,15,16,1,2,21.125,26.375,19.4311011904762,24.9138392857143
"EZa_96_2.txt",0,5,11,29,0,2,13.6666666666667,17.3888888888889,12.8341389683301,16.4701934548748
"EZa_97_2.txt",0,4,10,14,2,4,20.5714285714286,27.2857142857143,23.9442176870748,31.7445578231293
"IBy_1_2.txt",0,6,20,21,2,4,16.75,21.3125,17.916219284188,22.6800754800755
"IBy_2_2.txt",0,4,14,12,1,0,16.875,22,16.2885416666667,20.8315476190476
"KKo_1_2.txt",0,6,20,14,1,1,15.6666666666667,21.6666666666667,16.4316257816258,22.6563552188552
"KKo_10_2.txt",1,8,16,20,3,4,19.3333333333333,24.3333333333333,19.3939273689274,25.226933020683
"KKo_11_2.txt",7,7,10,22,2,4,14.2,18.3333333333333,13.9040968290968,18.2331057831058
"KKo_12_2.txt",1,5,11,13,0,7,27.875,35.875,28.0721726190476,37.6324404761905
"KKo_13_2.txt",3,7,5,17,1,2,23.1428571428571,29.7142857142857,21.9850340136054,28.5928571428571
"KKo_14_2.txt",0,3,10,16,0,1,16.3636363636364,21.5454545454545,17.3215171192444,22.654476584022
"KKo_15_2.txt",5,10,15,20,2,3,12.1111111111111,15.7777777777778,12.885170308087,16.5445614026496
"KKo_16_2.txt",0,6,9,25,1,3,11.6111111111111,15.3888888888889,10.2704865985503,13.9712255427942
"KKo_17_2.txt",3,3,4,17,1,2,14.2222222222222,19.3333333333333,15.3519841269841,20.5823633156967
"KKo_18_2.txt",0,2,3,4,0,0,20.5,32,22.5,33.75
"KKo_19_2.txt",0,6,8,11,2,2,17.3333333333333,23.8888888888889,20.9977954144621,27.5221781305115
"KKo_2_2.txt",2,11,19,15,1,4,20.5454545454545,27.8181818181818,24.0453594385413,31.5413780663781
"KKo_20_2.txt",1,3,4,13,0,6,14.2222222222222,20.8888888888889,15.0005731922399,21.603835978836
"KKo_21_2.txt",1,18,11,19,0,4,19.3076923076923,24.7692307692308,18.4928343024497,22.8669215399985
"KKo_22_2.txt",2,1,7,13,2,3,13.875,17.5,14.4236607142857,18.7915178571429
"KKo_23_2.txt",3,7,16,15,1,2,20.5454545454545,26.3636363636364,20.5592352092352,26.5447822379641
"KKo_24_2.txt",0,12,11,9,0,8,28,36.1,26.5209920634921,35.3555158730159
"KKo_25_2.txt",0,4,23,25,1,1,18.7142857142857,22.6428571428571,17.9647988915846,22.5606221159793
"KKo_3_2.txt",0,5,20,17,1,3,19.5384615384615,25.0769230769231,19.452030661646,25.2068694126386
"KKo_4_2.txt",2,5,20,19,1,2,18.1818181818182,25.2727272727273,17.7528794437885,24.8097271415453
"KKo_5_2.txt",2,5,12,19,1,3,19.6153846153846,24,19.206821810668,23.5625191048268
"KKo_6_2.txt",0,4,14,24,0,3,12.1,15.05,12.8183273166032,16.4262703863904
"KKo_7_2.txt",4,6,25,22,3,5,14.2941176470588,19.1176470588235,14.0950991722618,20.0196151407224
"KKo_8_2.txt",1,3,12,29,1,1,17.2,20.7333333333333,17.4323267473267,20.9707098457098
"KKo_9_2.txt",1,9,18,16,2,2,16.6470588235294,21.1176470588235,16.9667532678778,22.3124445671591
"LPo_1_2.txt",0,20,27,22,0,1,17.7333333333333,23.6666666666667,20.9830582380582,26.8607714507715
"LPo_10_2.txt",1,9,14,14,0,2,20,26.4545454545455,20.4687524596616,26.838049324413
"LPo_11_2.txt",2,12,24,26,0,3,18.125,24.25,17.4210659132534,23.7921736249861
"LPo_12_2.txt",3,7,21,31,3,3,17.4,22.45,17.3498709840641,21.757260271763
"LPo_13_2.txt",2,8,14,25,1,3,19.6923076923077,26.5384615384615,19.2256939641555,25.8003357753358
"LPo_14_2.txt",2,12,13,26,0,1,14.4375,17.75,20.4127022283272,24.1519619269619
"LPo_15_2.txt",5,13,28,30,0,4,20.9333333333333,27.5333333333333,21.5859427609428,28.4882014282014
"LPo_16_2.txt",1,14,13,21,4,1,24.8571428571429,30.3571428571429,26.515632185275,32.4996338978482
"LPo_17_2.txt",0,9,7,15,0,2,24.2222222222222,30.8888888888889,24.5360670194004,31.8846560846561
"LPo_18_2.txt",0,9,10,20,2,8,21.8461538461538,27.5384615384615,22.4767704517705,28.2263313609467
"LPo_19_2.txt",1,8,14,14,1,2,28.375,34,27.8046130952381,33.300744047619
"LPo_2_2.txt",0,6,12,27,0,0,15.6,20.5333333333333,16.9517802567803,22.0848475598476
"LPo_20_2.txt",2,7,9,15,1,1,16.1111111111111,22,18.205114638448,23.7081569664903
"LPo_21_2.txt",0,6,18,15,3,2,14.5625,19.6875,14.5002008408258,19.2271884365634
"LPo_3_2.txt",0,8,15,14,1,4,19.2727272727273,25.2727272727273,21.0503968253968,27.9118621277712
"LPo_4_2.txt",0,18,15,16,3,3,16.9166666666667,24.75,17.6895111832612,24.5106060606061
"LPo_5_2.txt",0,13,16,19,2,4,18.7272727272727,25.0909090909091,19.1435720844812,25.8419782237964
"LPo_6_2.txt",0,11,11,22,1,0,12.1578947368421,15.6842105263158,11.9533971670337,15.3786471680149
"LPo_7_2.txt",0,11,20,21,0,2,15.25,19.5,15.5637127629315,20.2028346653347
"LPo_8_2.txt",6,9,14,15,2,3,16.2857142857143,20.5,17.0258812615955,22.3672272172272
"LPo_9_2.txt",0,17,19,18,0,0,18.0769230769231,24.2307692307692,19.4880709034555,25.9261627261627
"MBi_1_2.txt",0,15,19,16,0,2,16.4666666666667,21.8666666666667,18.3529004329004,24.3662737262737
"MBi_10_2.txt",0,2,7,6,0,2,18.6,22.2,18.5533333333333,22.3433333333333
"MBi_11_2.txt",0,16,23,29,1,0,20.2666666666667,26.4666666666667,19.7608720908721,25.9715053465053
"MBi_12_2.txt",0,6,21,16,0,4,15.5714285714286,21.5,19.3771260485546,25.6016275391275
"MBi_13_2.txt",0,6,15,16,0,3,16.5384615384615,22.1538461538462,17.0152484267869,22.6229571710341
"MBi_14_2.txt",0,12,15,18,4,4,19,24.6666666666667,19.6717772967773,26.4355038480038
"MBi_15_2.txt",0,9,15,22,4,2,23.6363636363636,29.3636363636364,23.4889675980585,29.5124294897022
"MBi_16_2.txt",3,17,28,18,0,1,15.6,21.0666666666667,15.9655875605876,21.4714354164354
"MBi_17_2.txt",0,12,12,23,0,0,19.8571428571429,24.1428571428571,18.9052007516293,23.6564459350174
"MBi_18_2.txt",0,14,19,23,2,2,15.2,19.9333333333333,13.6936570836571,19.1188583638584
"MBi_19_2.txt",0,12,12,24,2,6,19.6363636363636,24.7272727272727,19.1156368883642,24.9786599763872
"MBi_2_2.txt",0,13,29,20,3,2,27.3333333333333,37.1666666666667,28.5772697210197,37.9520953583454
"MBi_20_2.txt",0,7,11,13,0,0,19.1111111111111,25.3333333333333,20.1322310405644,26.457848324515
"MBi_21_2.txt",1,10,13,22,0,3,14.5,19.8333333333333,15.6050835738336,21.4500962000962
"MBi_22_2.txt",2,9,12,23,0,2,15.3333333333333,20,15.5741517741518,20.5167597217597
"MBi_23_2.txt",0,11,24,15,2,2,21.8333333333333,28.25,21.7241672679173,28.3003487253487
"MBi_24_2.txt",1,14,18,15,4,1,23.0833333333333,30,21.7733796296296,28.7126954064454
"MBi_4_2.txt",0,10,15,22,2,3,24.9230769230769,31.8461538461538,27.6558623000931,35.489625331933
"MBi_5_2.txt",0,10,19,12,0,6,30.25,38.625,30.3184523809524,38.2982142857143
"MBi_6_2.txt",0,9,19,16,0,0,13.8181818181818,18.1818181818182,12.2336022563295,16.6114849796668
"MBi_7_2.txt",5,13,19,17,4,6,25.3636363636364,34.0909090909091,25.4953266430539,34.8879902925357
"MBi_8_2.txt",0,2,4,14,3,2,16.8571428571429,21.5714285714286,17.8901360544218,22.3095238095238
"MBi_9_2.txt",2,11,14,15,2,6,32.875,40.5,28.7910714285714,35.3440476190476
"MGr_1_2.txt",2,8,16,16,1,2,25.4444444444444,34.1111111111111,26.0122134038801,35.4784391534392
"MGr_10_2.txt",1,9,15,30,3,2,22.8666666666667,28.6666666666667,22.9127694527695,29.3473432123432
"MGr_11_2.txt",5,8,17,37,0,8,14.0588235294118,17.5882352941176,13.3865011914545,16.443506530455
"MGr_12_2.txt",1,7,12,16,3,1,19.4166666666667,26.0833333333333,19.607224025974,25.1858315295815
"MGr_13_2.txt",6,17,18,35,1,2,14.8260869565217,19.5652173913043,15.4961057932553,19.8324105662162
"MGr_14_2.txt",1,6,11,37,0,3,11.08,14.72,11.333750490747,14.6147568806659
"MGr_15_2.txt",0,3,10,18,0,2,16.7777777777778,23.6666666666667,17.2665343915344,24.6003086419753
"MGr_16_2.txt",0,8,5,23,0,1,13.9411764705882,17.7058823529412,14.1281265351335,18.1169130369822
"MGr_17_2.txt",0,5,12,28,0,4,12.8636363636364,16.3636363636364,12.0455479973634,15.6104390824487
"MGr_18_2.txt",0,4,10,25,1,0,14.2105263157895,17.5789473684211,16.1448143086342,19.9504260700916
"MGr_19_2.txt",0,6,11,17,2,0,18.6666666666667,23.25,19.2083754208754,24.5835197210197
"MGr_2_2.txt",0,6,15,34,0,4,19,23.3529411764706,18.5515112290631,23.3413602353049
"MGr_20_2.txt",2,4,7,22,0,1,9.42105263157895,11.9473684210526,9.43090760221076,11.7125731685981
"MGr_21_2.txt",2,6,10,19,0,1,11.1875,15.5,12.6676785020535,17.0287537115662
"MGr_22_2.txt",1,9,12,21,0,5,17.5,22.3125,17.3373418248418,22.2091659208847
"MGr_23_2.txt",4,9,8,23,1,2,17.1428571428571,21.2142857142857,18.099506445935,22.4428432678433
"MGr_24_2.txt",8,6,11,24,0,3,14.9285714285714,20.7857142857143,15.8363674024388,20.633626888984
"MGr_25_2.txt",0,13,14,30,2,7,17.8125,23.125,17.1413216991342,22.2848017433955
"MGr_26_2.txt",0,2,6,8,1,2,14.2307692307692,18.6923076923077,14.5295465218542,18.7909628832706
"MGr_27_2.txt",0,6,6,11,1,4,15.2,20.4,16.0256913456913,21.6513347763348
"MGr_28_2.txt",0,7,12,16,1,6,13,19.3571428571429,13.4028209885353,18.9745004995005
"MGr_29_2.txt",0,8,3,21,0,6,14.7333333333333,19.5333333333333,14.7408817108817,19.4006943056943
"MGr_3_2.txt",1,13,28,25,0,1,17.8235294117647,23.4705882352941,19.6182098946805,24.9748495401177
"MGr_30_2.txt",0,7,7,19,0,7,17.3571428571429,21.7142857142857,17.3330084597942,22.4686135293278
"MGr_31_2.txt",0,7,14,22,3,6,15.8235294117647,20.1764705882353,17.3793374781697,22.3972500586687
"MGr_32_2.txt",0,9,17,18,3,0,20.6,26.4,21.9347804047804,27.3890553890554
"MGr_33_2.txt",1,10,10,25,5,4,14.75,19.8125,14.6336385836386,19.6628225940726
"MGr_4_2.txt",8,3,14,27,1,3,13.1578947368421,17.2631578947368,12.4931124281906,16.5621356756419
"MGr_5_2.txt",5,5,11,15,1,2,16.375,21,18.0279567654568,22.849713220807
"MGr_6_2.txt",5,4,10,22,1,2,14.8666666666667,18.7333333333333,14.1115602915603,17.9456558256558
"MGr_7_2.txt",2,7,9,20,0,4,15.8888888888889,20.3333333333333,17.7692737500336,22.5644245097676
"MGr_8_2.txt",6,7,16,20,3,4,17.8,23.7333333333333,18.8471247271247,25.219190994191
"MGr_9_2.txt",5,9,19,19,2,5,21.3846153846154,27.5384615384615,21.2869483081022,27.4547042700889
"MOg_1_2.txt",0,6,9,13,4,3,19.75,24.8333333333333,19.9404280904281,24.8792598605099
"MOg_10_2.txt",0,15,17,18,2,1,19,25.0909090909091,17.5896366260003,23.509632034632
"MOg_11_2.txt",0,8,14,21,0,1,13.5555555555556,17.8333333333333,14.0755025112868,18.4703543279524
"MOg_12_2.txt",0,5,17,22,3,0,16.4615384615385,22.1538461538462,17.4118046483431,23.5812525081756
"MOg_14_2.txt",0,10,13,23,2,1,14.3636363636364,18.2727272727273,13.8679626761424,17.7581872707928
"MOg_15_2.txt",0,8,13,20,3,1,15.6363636363636,22.4545454545455,15.5664731732914,21.5176833267742
"MOg_2_2.txt",3,4,14,16,2,1,12.2727272727273,16.6363636363636,11.7276138003411,16.7313918404828
"MOg_3_2.txt",0,6,26,11,5,0,22.8888888888889,31,24.9181216931217,34.3381834215168
"MOg_4_2.txt",0,8,23,24,1,5,26.6363636363636,33.4545454545455,24.2380427653155,30.9100616555162
"MOg_5_2.txt",0,7,13,23,3,4,14.3125,19.6875,13.1416138548951,18.6616988913864
"MOg_6_2.txt",0,8,16,19,5,1,14.3125,19.1875,17.0300296925297,22.0361673916361
"MOg_7_2.txt",0,10,11,11,3,2,24.5555555555556,32.7777777777778,26.0455467372134,34.9835537918871
"MOg_8_2.txt",0,2,12,8,1,2,18.7142857142857,24.7142857142857,16.1017006802721,23.0768707482993
"MOg_9_2.txt",0,5,11,24,2,0,15.5,20.0714285714286,15.2211962640534,20.006227899085
"MTsy_1_2.txt",0,5,17,31,0,1,9.18518518518519,12.6296296296296,9.45844611245026,12.4237113015462
"MTsy_10_2.txt",2,7,20,23,1,5,14.6842105263158,20.7894736842105,15.2290919206534,21.9021617371096
"MTsy_11_2.txt",1,4,16,16,1,5,15.3333333333333,20.7333333333333,16.0324516224516,21.4636311836312
"MTsy_12_2.txt",4,3,9,15,3,6,15.0714285714286,19.6428571428571,14.8460769389341,19.5491141794713
"MTsy_13_2.txt",2,4,12,22,0,8,14.6470588235294,19.3529411764706,15.1284490163815,19.5000708201833
"MTsy_14_2.txt",4,11,6,16,5,1,15.8461538461538,22.1538461538462,16.2206571206571,21.9609783379014
"MTsy_15_2.txt",1,6,8,19,1,0,13.6875,17.6875,12.6601583312521,16.4665521110834
"MTsy_16_2.txt",0,6,12,17,1,6,24.6363636363636,31.9090909090909,25.1767676767677,32.7455004591368
"MTsy_17_2.txt",0,8,16,18,4,6,16.5333333333333,21.9333333333333,17.2477176527177,22.8288988788989
"MTsy_18_2.txt",3,9,21,20,1,2,13.1111111111111,19.1666666666667,14.0394027677116,19.4343861294842
"MTsy_19_2.txt",1,4,23,24,0,7,17.8125,23.5,16.9806708916084,22.5929474171662
"MTsy_2_2.txt",0,8,18,30,2,4,17.9545454545455,22.3636363636364,18.8010817080705,23.5134167108027
"MTsy_20_2.txt",2,7,13,15,2,4,19.9,24.9,19.2136507936508,24.5636904761905
"MTsy_21_2.txt",1,7,10,22,0,4,20.0909090909091,25.5454545454545,22.6584087629542,28.6855634264725
"MTsy_22_2.txt",1,4,18,24,1,3,14.625,19.1875,14.6466391247641,19.4251258290321
"MTsy_23_2.txt",1,4,10,19,1,1,16,20.5294117647059,16.3291094478378,21.3873226830839
"MTsy_24_2.txt",3,6,14,24,2,3,21.6153846153846,27.8461538461538,21.3201725624803,27.6463090328475
"MTsy_25_2.txt",0,5,17,16,3,6,18.6923076923077,23.4615384615385,18.275577414039,23.6393873220796
"MTsy_26_2.txt",0,3,16,10,1,4,18.1818181818182,24.5454545454545,18.8021743408107,25.6181391840483
"MTsy_27_2.txt",2,8,21,18,1,3,18,24.3846153846154,21.9567838144761,29.3608415089184
"MTsy_28_2.txt",1,5,13,34,3,2,14.1111111111111,17.962962962963,13.9628596401097,18.0008179274409
"MTsy_29_2.txt",4,11,14,20,0,1,14,18.1333333333333,13.636746031746,17.9519208569209
"MTsy_3_2.txt",0,4,18,14,2,5,23.9230769230769,29.2307692307692,25.6516773824466,31.6584074045612
"MTsy_30_2.txt",0,6,19,23,1,4,18.0666666666667,23.4,18.1886076886077,23.7438137788138
"MTsy_31_2.txt",2,0,17,7,1,3,13.5454545454545,18.7272727272727,12.9492981765709,18.5368424504788
"MTsy_32_2.txt",4,4,11,22,1,2,16.6111111111111,20.5,15.2384115203968,19.3114594737144
"MTsy_33_2.txt",0,9,19,17,0,4,17,23.6666666666667,17.0161525974026,23.6791486291486
"MTsy_34_2.txt",3,5,23,21,2,6,18.6,26.2,20.0977777777778,27.4955158730159
"MTsy_35_2.txt",1,6,16,24,2,1,14.4,18.6666666666667,15.7572379472379,20.8238346838347
"MTsy_36_2.txt",5,8,31,31,4,4,20.6666666666667,28.1333333333333,22.2208602508603,29.1521108521109
"MTsy_37_2.txt",1,9,21,31,1,3,10.9642857142857,14.2142857142857,10.6794920269519,14.359043481156
"MTsy_38_2.txt",1,3,25,16,1,7,16.7857142857143,22.3571428571429,16.9350126064412,22.7085489906918
"MTsy_39_2.txt",3,5,17,23,1,5,16.3157894736842,21.6842105263158,15.8505263549931,20.6854304380192
"MTsy_4_2.txt",0,6,15,17,1,5,15.4705882352941,20.5294117647059,14.5278800063835,19.6300532944564
"MTsy_40_2.txt",3,8,15,21,0,3,19.6153846153846,25.3076923076923,19.0158567927799,25.2447324043478
"MTsy_41_2.txt",0,11,17,16,3,2,18,23.5833333333333,17.8986952861953,23.8215578403078
"MTsy_42_2.txt",1,5,26,15,0,3,22.2,31.3,29.9840873015873,39.4732936507937
"MTsy_43_2.txt",1,8,17,22,1,2,18.5333333333333,24.5333333333333,19.6366076516077,25.479975024975
"MTsy_44_2.txt",4,14,26,18,2,5,18.5333333333333,25.5333333333333,20.3568207718208,27.7125567025567
"MTsy_45_2.txt",1,9,14,20,3,1,20.7272727272727,27.2727272727273,21.6294995408632,28.1626820149547
"MTsy_46_2.txt",1,11,18,28,2,7,14.4,19.6,16.4935708591804,21.1394700006736
"MTsy_5_2.txt",0,1,10,19,0,2,14.7333333333333,19.4,14.6668816368816,19.2672958522959
"MTsy_6_2.txt",0,13,11,20,0,3,14.7692307692308,20.4615384615385,15.0172622249545,20.9172280710742
"MTsy_7_2.txt",0,9,16,15,1,6,17.0625,22.625,17.40012747669,23.2594713446276
"MTsy_8_2.txt",2,11,9,27,1,3,17,22.6923076923077,17.0501445136061,22.1942540365617
"MTsy_9_2.txt",6,8,13,28,0,3,18.8666666666667,25.4666666666667,18.777962037962,24.4121981721982
"TSha_1_2.txt",2,9,17,14,1,1,19.8181818181818,25.4545454545455,22.153453364817,28.6673389741572
"TSha_10_2.txt",0,9,9,19,0,1,13.3333333333333,18.2,13.9157398157398,19.3983144633145
"TSha_11_2.txt",1,3,3,4,0,0,16.5,20.5,17.5,20.5
"TSha_12_2.txt",2,10,20,25,1,2,23.3333333333333,30,25.0093253968254,32.6027386964887
"TSha_13_2.txt",0,10,24,25,1,2,13.25,18.5625,13.380537778194,18.3775056540682
"TSha_14_2.txt",0,6,12,13,1,6,19.2727272727273,24.9090909090909,19.6294929817657,25.1132296995933
"TSha_15_2.txt",2,6,22,22,2,3,17.2307692307692,23.4615384615385,17.1643179470103,23.3895497664728
"TSha_16_2.txt",2,14,15,17,0,2,17.5,24.8,17.7549206349206,23.8955555555556
"TSha_17_2.txt",2,7,26,18,1,1,14,18.5263157894737,14.4303314918294,18.8005428829223
"TSha_18_2.txt",2,11,14,21,3,2,14.4117647058824,18.8823529411765,16.8917554475513,21.4822023948754
"TSha_19_2.txt",2,15,15,17,2,2,15,19.9285714285714,14.4637638155495,19.3672099725671
"TSha_2_2.txt",0,12,20,21,3,1,22.2142857142857,27.9285714285714,23.7286887715459,30.0563561438561
"TSha_20_2.txt",1,11,14,17,4,3,19.8,26.6,21.3238095238095,28.7023412698413
"TSha_21_2.txt",0,10,22,26,0,2,16.7142857142857,21.9285714285714,17.4046443635729,23.5220743542172
"TSha_22_2.txt",1,8,17,19,2,1,18.8181818181818,25.4545454545455,18.7968450741178,26.2125245966155
"TSha_3_2.txt",0,8,10,23,1,4,16.5,21.4285714285714,16.2018659911517,21.0469879327022
"TSha_4_2.txt",1,6,18,16,2,1,13.9333333333333,18.2,17.6056608206608,22.8434017834018
"TSha_5_2.txt",1,9,9,25,1,2,13.1764705882353,17.6470588235294,12.7497417375013,17.1438804083268
"TSha_6_2.txt",0,4,17,11,1,2,18.0909090909091,23.9090909090909,19.2964876033058,25.729784861603
"TSha_7_2.txt",6,10,26,24,3,5,13.55,17.55,14.0123916861862,18.499257945357
"TSha_8_2.txt",2,7,15,26,4,5,14.6875,18.5,15.7239775849151,19.4985785048285
"TSha_9_2.txt",3,14,13,21,2,1,21.1,26.4,21.0007936507936,26.9259126984127
"VKo_1_2.txt",0,11,15,31,1,2,12.4583333333333,16.75,13.586961945038,18.1389543970227
"VKo_10_2.txt",0,7,22,26,0,9,15.2777777777778,19.5555555555556,16.0688352995951,20.7992663926487
"VKo_11_2.txt",0,10,18,21,2,1,19.5555555555556,23.7777777777778,23.947253377523,29.0297955131288
"VKo_12_2.txt",4,8,6,12,1,1,19.3636363636364,25.6363636363636,21.2741571559753,28.3068411386593
"VKo_13_2.txt",0,5,14,25,2,11,16.875,22.5,15.5764488983239,20.6463874667
"VKo_14_2.txt",0,5,13,21,3,4,12.8823529411765,18.2941176470588,13.7162526823426,18.8302950797761
"VKo_15_2.txt",0,5,22,18,1,4,18.9230769230769,25.4615384615385,19.4398106167337,25.9637155579463
"VKo_16_2.txt",1,9,11,16,0,4,15.75,20.25,15.500484006734,19.6916877104377
"VKo_17_2.txt",0,3,11,27,1,4,13.2352941176471,18.4117647058824,13.642469689096,18.2078296175182
"VKo_18_2.txt",0,5,24,24,2,2,19.3846153846154,24.6153846153846,20.236936354244,25.7726132841517
"VKo_19_2.txt",0,4,16,26,1,1,16.4615384615385,23.2307692307692,20.3053205341667,27.825419025419
"VKo_2_2.txt",0,4,14,16,5,6,27.8,34.2,27.8228571428571,34.7984523809524
"VKo_20_2.txt",0,11,20,20,0,3,19.1666666666667,25,17.8038179413179,23.1559223184223
"VKo_21_2.txt",1,7,11,18,2,2,15.3846153846154,20.6153846153846,17.8454637243099,22.6685225031379
"VKo_22_2.txt",0,6,12,27,0,4,12.4090909090909,15.7727272727273,14.0220444070659,17.5920563294244
"VKo_23_2.txt",0,10,13,22,0,5,21.6666666666667,27.0833333333333,21.6545965608466,27.8537608225108
"VKo_24_2.txt",0,4,14,18,0,4,19.3636363636364,25.3636363636364,21.4662370457825,27.2272497704316
"VKo_25_2.txt",0,11,15,20,0,3,22.1111111111111,28.6666666666667,24.4425925925926,32.2106261022928
"VKo_26_2.txt",0,8,15,12,2,4,18.4,25.9,17.360119047619,24.3744841269841
"VKo_27_2.txt",0,5,13,14,3,4,24.9,33.6,24.774246031746,33.6134920634921
"VKo_28_2.txt",1,10,15,25,2,6,17,20.6842105263158,19.7913685783736,24.2794060555345
"VKo_29_2.txt",0,11,14,30,0,5,13.75,17.75,14.7617068730633,18.7081502823802
"VKo_3_2.txt",1,7,14,19,1,4,23,29.0833333333333,23.1593524531025,29.2866071428571
"VKo_30_2.txt",0,15,12,23,0,2,12.4117647058824,16.6470588235294,14.3114331074539,18.6167362097725
"VKo_31_2.txt",0,3,11,25,5,0,15.125,20.125,16.7778155871906,21.9048378704629
"VKo_32_2.txt",3,7,12,19,0,1,19,26.2857142857143,23.269387755102,30.7772108843537
"VKo_33_2.txt",1,5,10,6,1,5,29.3333333333333,39.1666666666667,26.2722222222222,36.1416666666667
"VKo_34_2.txt",0,9,13,23,3,5,17.8,23.5333333333333,17.8399350649351,23.4782127132127
"VKo_35_2.txt",0,6,18,24,0,4,14.8,20.2666666666667,17.2826307026307,22.8084422984423
"VKo_36_2.txt",0,10,22,21,1,4,20,24.875,20.5601600656288,26.3302885482573
"VKo_37_2.txt",0,6,10,15,3,3,17.1538461538462,23.0769230769231,18.0397356916588,23.6365350461504
"VKo_38_2.txt",0,9,34,17,1,4,15.3846153846154,21.9230769230769,16.4679045313661,23.4090304994151
"VKo_39_2.txt",0,3,12,22,0,2,17.1538461538462,23.2307692307692,20.2569462588693,26.6942399480861
"VKo_4_2.txt",0,9,30,22,0,3,15.7368421052632,20.3684210526316,15.1014760643101,19.5276673257038
"VKo_5_2.txt",1,3,13,24,1,3,15.4117647058824,19.4705882352941,15.1515030048767,19.1601702459401
"VKo_7_2.txt",1,9,12,24,1,6,17.5882352941176,23.0588235294118,19.2006631008361,25.6404413445071
"VKo_8_2.txt",0,3,19,20,1,2,15.2631578947368,19.8947368421053,17.1665475585917,21.928916885669
"VKo_9_2.txt",1,9,11,28,1,6,20.0769230769231,25.2307692307692,19.2761311338234,24.7965876004338
"VPe_1_2.txt",0,5,7,15,2,5,15.1428571428571,20.2142857142857,14.9934951952809,20.3492408385266
"VPe_10_2.txt",0,6,10,18,0,2,23.9,29.4,23.7831746031746,28.456746031746
"VPe_11_2.txt",0,7,12,18,1,1,26.5454545454545,32.9090909090909,23.6261642398006,29.7152630198085
"VPe_12_2.txt",5,4,5,5,1,1,14.4,17.6,14.5933333333333,17.91
"VPe_13_2.txt",1,6,12,20,3,4,13.8235294117647,19.2941176470588,13.9790909734249,19.4602644424011
"VPe_14_2.txt",0,8,13,26,2,4,18.3157894736842,24,18.1845810122472,23.2122094813556
"VPe_15_2.txt",5,10,8,17,0,5,22,27.1538461538462,23.2706097321482,30.0388361638362
"VPe_16_2.txt",0,5,4,20,3,5,12.1111111111111,16.1666666666667,12.1606097470068,16.2507945032455
"VPe_17_2.txt",2,7,7,8,4,5,19.9285714285714,26.2142857142857,22.2522035504178,28.3017094017094
"VPe_18_2.txt",1,9,15,18,3,2,19.0625,26.3125,19.2111115447053,26.118825965701
"VPe_19_2.txt",0,6,14,9,3,4,22.5,29.5,23.5351908012622,30.8381160506161
"VPe_2_2.txt",0,11,13,16,2,3,24,33.5454545454545,28.2932014954742,38.2174537583629
"VPe_20_2.txt",2,3,8,7,2,7,21.2307692307692,26.6923076923077,19.0990673856058,25.2910634237557
"VPe_21_2.txt",5,9,11,17,0,1,23.25,29.5833333333333,26.4126984126984,33.1385912698413
"VPe_22_2.txt",1,9,10,19,3,6,18.8235294117647,25.1176470588235,21.4710188312264,28.8144723212197
"VPe_23_2.txt",4,8,10,16,1,5,20.9230769230769,26.6923076923077,21.5801314070545,28.0907635099943
"VPe_24_2.txt",1,8,15,12,1,11,21.0769230769231,27.4615384615385,19.6218416199185,26.0814311756619
"VPe_25_2.txt",3,10,17,17,0,2,20.6666666666667,25.5833333333333,21.0345298220298,26.7560335497835
"VPe_26_2.txt",1,12,13,14,4,5,25.25,31.3333333333333,25.8926436988937,31.6371572871573
"VPe_27_2.txt",2,6,9,8,0,2,23.8,30.9,23.3237698412698,30.9208333333333
"VPe_28_2.txt",2,10,14,25,0,2,16.4117647058824,20.8235294117647,14.6319731258745,19.6273338445484
"VPe_29_2.txt",2,7,11,16,0,6,19.5384615384615,24.8461538461538,17.8526938873093,22.8636451155682
"VPe_3_2.txt",0,5,7,12,0,1,16.6666666666667,22.5555555555556,19.7376984126984,26.4444885361552
"VPe_30_2.txt",1,6,10,12,0,3,14.7272727272727,17.9090909090909,13.9626426603699,17.1796504001049
"VPe_31_2.txt",3,12,14,21,0,3,17.9285714285714,23.0714285714286,16.533447901305,21.4812197722912
"VPe_32_2.txt",4,10,9,14,2,1,15.1111111111111,22.2222222222222,18.5298941798942,25.8240740740741
"VPe_33_2.txt",3,8,16,18,3,6,22.9090909090909,29.2727272727273,24.3658336612882,31.7737898465171
"VPe_34_2.txt",1,8,23,22,1,3,16.8125,22.4375,17.775903957154,23.4662581342269
"VPe_35_2.txt",4,21,19,20,0,4,19,24.6470588235294,20.7845158878031,27.0860661301405
"VPe_36_2.txt",4,9,20,18,1,2,17.5833333333333,23.5,23.1417869167869,29.1470147907648
"VPe_37_2.txt",1,5,23,17,1,1,15.9166666666667,20.4166666666667,16.5433802308802,21.8039772727273
"VPe_38_2.txt",1,7,15,23,0,1,15.6666666666667,19.5333333333333,17.811440966441,21.7211127761128
"VPe_39_2.txt",4,3,13,20,0,4,14.8461538461538,19,14.843424310732,19.2714033829418
"VPe_4_2.txt",0,6,9,7,3,6,22.3,29.3,21.9429365079365,28.6612301587302
"VPe_40_2.txt",4,9,17,17,0,3,15.6923076923077,20.6923076923077,18.7274671909287,24.1273245984784
"VPe_41_2.txt",2,12,17,19,2,2,15.4117647058824,20.5294117647059,16.0667067409714,21.1502489340725
"VPe_42_2.txt",4,5,13,21,0,2,14.5333333333333,18.9333333333333,15.508951048951,19.8981440781441
"VPe_43_2.txt",1,8,12,17,3,6,35.25,42.125,29.7386904761905,36.588244047619
"VPe_44_2.txt",1,16,30,28,4,2,19.375,26.1875,19.9765172327672,26.4601499195249
"VPe_45_2.txt",0,6,30,23,1,2,14.1875,20.5,15.705478289072,22.0265892961205
"VPe_46_2.txt",1,10,22,35,3,4,16.8181818181818,21.3636363636364,16.7531634465388,21.2839399733081
"VPe_47_2.txt",1,12,13,32,1,5,14.6666666666667,19.1904761904762,14.9081669282852,19.2343991285223
"VPe_48_2.txt",0,6,14,15,1,1,18.7692307692308,24.8461538461538,19.5008818104972,25.8689682112759
"VPe_49_2.txt",1,8,23,19,1,2,23.6666666666667,31.8888888888889,24.6532186948854,33.8996472663139
"VPe_5_2.txt",0,7,8,13,0,6,12.625,17,12.8893798909424,16.7788539585415
"VPe_50_2.txt",3,11,14,19,0,3,20.8461538461538,25.7692307692308,20.8037891595584,26.6456650187419
"VPe_51_2.txt",2,9,19,19,0,6,20.625,25.9375,23.9365196435509,30.5560074474137
"VPe_52_2.txt",5,11,21,27,2,1,18.9444444444444,26.1666666666667,20.7999594223859,28.1695164766243
"VPe_53_2.txt",0,25,40,26,1,5,32.6,41.7333333333333,31.9676549376549,41.8699400599401
"VPe_54_2.txt",0,5,11,13,1,6,24,31,24.2958087367178,31.1166830644103
"VPe_6_2.txt",0,8,11,22,1,4,16.8333333333333,20.2777777777778,15.8991449590714,19.8034611720886
"VPe_7_2.txt",0,10,12,18,4,3,22.25,29.1666666666667,22.444727032227,29.7243235930736
"VPe_8_2.txt",0,7,18,15,3,6,17.9230769230769,23.3076923076923,17.0171034094111,22.6443035596882
"VPe_9_2.txt",0,10,8,30,2,6,10.1481481481481,13.8518518518519,10.3381200003022,14.0828812142539
"ZEv_1_2.txt",4,4,21,20,0,4,16.6,21.1333333333333,17.2262894512894,21.7680062530063
"ZEv_10_2.txt",3,9,23,28,1,3,16.8333333333333,20.7222222222222,17.9311035596575,22.750906351274
"ZEv_11_2.txt",2,10,15,24,6,6,18.8235294117647,25,18.6279860182109,24.9930264180264
"ZEv_12_2.txt",1,8,8,24,0,3,16.0833333333333,20.8333333333333,15.326421957672,20.919237012987
"ZEv_13_2.txt",4,2,12,13,0,1,9.72222222222222,12.3888888888889,9.11996290292859,11.2866063176112
"ZEv_14_2.txt",0,5,6,14,0,1,16,21.1111111111111,17.0972222222222,21.9612433862434
"ZEv_15_2.txt",2,3,14,23,6,1,18.0666666666667,22.5333333333333,17.7410757760758,22.5434474784475
"ZEv_16_2.txt",1,8,20,26,4,5,15.3333333333333,20.8888888888889,15.503209472082,21.0968930352509
"ZEv_17_2.txt",9,12,10,25,1,2,16.1875,20.6875,18.2648833805084,22.880892024642
"ZEv_18_2.txt",10,6,7,18,0,5,12.0625,15.0625,13.0697582799145,16.7304542679543
"ZEv_19_2.txt",2,7,15,22,1,4,14.875,20.3125,14.1651770104895,19.1149883103008
"ZEv_2_2.txt",5,1,19,12,0,2,12.4,17.5,15.0748412698413,20.7265476190476
"ZEv_20_2.txt",0,7,7,15,2,2,15.1818181818182,19.2727272727273,15.2670503738686,19.9830152171061
"ZEv_21_2.txt",5,7,23,15,6,4,17.1428571428571,23.1428571428571,16.4073551448551,22.7640880944452
"ZEv_22_2.txt",6,9,11,35,1,8,20.8235294117647,26.5294117647059,20.9902108032298,26.9430893933057
"ZEv_23_2.txt",8,6,18,19,0,1,12,15.4117647058824,12.0006593848289,15.5315789890617
"ZEv_24_2.txt",0,5,10,15,0,7,19,24.5,19.9966973502688,25.9620752263609
"ZEv_25_2.txt",1,1,19,16,3,3,13.6666666666667,18.4666666666667,16.133231028231,21.8603463203463
"ZEv_26_2.txt",1,7,18,13,4,5,20.75,25.9375,20.6291058767621,26.0668655996781
"ZEv_27_2.txt",2,4,14,20,0,2,19.7272727272727,26.7272727272727,20.6843008002099,27.7843008002099
"ZEv_28_2.txt",4,5,9,11,1,1,12.75,16,12.7340773809524,16.6827380952381
"ZEv_29_2.txt",2,7,11,20,0,5,16.2,21.6,17.475,22.3001587301587
"ZEv_3_2.txt",1,5,20,20,1,3,16.8823529411765,22.1176470588235,19.4712856107752,25.101912989932
"ZEv_30_2.txt",2,11,13,25,1,0,15.625,19.5625,15.2632179452492,19.2229298479298
"ZEv_31_2.txt",2,5,14,30,2,4,16.9047619047619,21.1904761904762,18.1247649697838,22.6881557209233
"ZEv_32_2.txt",1,3,6,15,0,5,21.1111111111111,26.4444444444444,19.9678130511464,26.2364638447972
"ZEv_33_2.txt",0,10,7,17,1,1,14.875,19,15.6229471916972,19.5047004211067
"ZEv_34_2.txt",0,11,14,14,3,3,27.8181818181818,36.3636363636364,25.3170962875508,33.0799258821986
"ZEv_35_2.txt",4,5,11,15,3,2,14.6428571428571,19.2142857142857,15.3774096934811,19.9398880881024
"ZEv_36_2.txt",0,8,22,24,1,6,17.8666666666667,23.8,17.1801935101935,23.2092533392533
"ZEv_37_2.txt",2,6,24,32,4,4,12.9615384615385,17.0384615384615,12.8563317824152,17.2765863356592
"ZEv_4_2.txt",2,5,10,21,2,2,22.8461538461538,28.3846153846154,24.5119801139032,30.487425181656
"ZEv_5_2.txt",1,11,16,21,6,7,21.2142857142857,28.7857142857143,21.0020330859617,28.3072960769389
"ZEv_6_2.txt",2,9,11,19,0,4,19.4545454545455,25.8181818181818,22.1365308933491,29.0228945297127
"ZEv_7_2.txt",2,8,14,17,0,4,13.125,17.1875,14.1111351322289,18.4682152916528
"ZEv_8_2.txt",3,5,20,27,2,3,16.875,23.75,16.922289255883,23.8354211760462
"ZEv_9_2.txt",2,16,10,21,1,1,14.7777777777778,19,15.3690805291295,19.8300371696205
